,index,english,translated_from_finnish
1,1277,I have to go to sleep.,Minun musí jít nukkumaan. | Minun on mentävä nukkumaan. | Minun pitää jít nukkumaan.
3,1282,Muiriel is 20 now.,இசுலாமிய மொழியில் இசுலாமிய மொழியில் இசுலாமிய மொழியில் இசுலாமிய மொழியில் இசுலாமிய மொழியில் இசுலாமிய மொழியில் இசுலாமிய மொழியில் இசுலாமிய மொழியில் இசுலாமிய மொழியில் இசுலாமிய மொழியில் இசுலாமிய மொழியில் இசுலாமிய மொழியில் இசுலாமிய மொழியில் இசுலாமிய மொழியில் இசுலாமிய மொழியில் இசுலாமிய மொழியில் இசுலாமிய மொழியில் இசுலாமிய மொழியில் இசுலாமிய மொழியில் இசுலாமிய மொழியில் இசுலாமிய மொழியில் இசுலாமிய மொழியில் இசுலாமிய மொழியில் இசுலாமிய மொழியில் இசுலாமிய மொழியில் இசுலாமிய மொழியில் இசுலாமிய மொழியில் இசுலாமிய மொழியில்
4,1283,"The password is ""Muiriel"".","Salasana auf ""Muiriel"". | Se Salasana auf ""Muiriel""."
5,1284,I will be back soon.,பாலின விகிதம்: பாலின விகிதம்: பாலின விகிதம்: பாலின விகிதம்: பாலின விகிதம்: பாலின விகிதம்: பாலின விகிதம்: பாலின விகிதம்: பாலின விகிதம்: பாலின விகிதம்: பாலின விகிதம்: பாலின விகிதம்: பாலின விகிதம்: பாலின விகிதம்:
6,1286,I'm at a loss for words.,"Я знаю, что сказал. Я знаю, что сказал. Я знаю, что сказал. Я знаю, что сказал. Я знаю, что сказал. Я знаю, что сказал. Я знаю, что сказал."
7,1287,This is never going to end.,මේක කවදාවත්ම ඉවරයක් වෙන්නෙ නෑ. මේක කවදාවත්ම ඉවර වෙන්නෙ නෑ.
8,1288,I just don't know what to say.,"Já vím, co říkám. Já vím, co říkám. Já vím, co říkám."
10,1290,I was in the mountains.,Byl vuorilla. | Já olin vuorilla.
11,1291,Is it a recent picture?,Is there a new photo? | Is there a new photo?
12,1292,I don't know if I have the time.,| En tiedä onko minulla tiempo. | En tiedä onko minulla tiempo.
14,1295,You're in better shape than I am.,ඔයා මට වඩා හොදින් ඉන්නවා.
15,1296,You are in my way.,Olet tielläni.
16,1298,This will cost €30.,Tohle platí třicet eur.
17,1299,I make €100 a day.,په هره ورځ کې د 100 یورو پیسې ورکول. | په هره ورځ کې د 100 یورو پیسې ورکول. | په هره ورځ کې د 100 یورو پیسې ورکول. | په هره ورځ کې د 100 یورو پیسې ورکول. | په هره ورځ کې د 100 یورو پیسې ورکول. | په هره ورځ کې د 100 یورو پیسې ورکول. | په هره ورځ کې د 100 یورو پیسې ورکول. | په هره ورځ کې د 100 یورو پیسې ورکول. | په هره ورځ کې د 100 یورو پیسې ورکول. | په هره ورځ کې د 100 یورو پیسې ورکول. | په هره ورځ کې د 100 یورو پیسې ورکول.
20,1302,That won't happen.,| Niin ei tapahdu.
22,1304,I'll do my best not to disturb your studying.,د زده کړې څخه ډډه مه کوئ.
25,1308,I miss you.,"我爱你,我爱你,我爱你,我对你很遗憾,我对你很遗憾,我对你很遗憾,我对你很遗憾。"
26,1309,I'll call them tomorrow when I come back.,"Soitan heille huomenna, kun tulen takaisin."
28,1311,You should sleep.,Sinun by měl nukkua. | Sinun na parasta nukkua. | Teidän by měl nukkua.
29,1312,I'm going to go.,Já olen lähdössä. | Já aion jít. | Já menen. | Mä meen.
30,1313,I told them to send me another ticket.,"Řekl jsem jim, že by mi poslali druhou značku. | Já jsem jim řekl, aby mi poslali druhou značku."
33,1316,I once wanted to be an astrophysicist.,Někdy jsem chtěl být astrofyysikko.
34,1317,I never liked biology.,En koskaan pitänyt biologiasta.
35,1318,The last person I told my idea to thought I was nuts.,"Последний человек, которому я рассказал свою идею, считал, что olen päästäni sekaisin."
37,1320,It is unfortunately true.,"Pitää paikkansa, ikävä kyllä. | Se on valitettavasti totta."
39,1322,Most people think I'm crazy.,"Většina lidí mě považuje za blázna. Většina lidí si myslí, že jsem blázen. Většina lidí mě považuje za blázna. Většina lidí si myslí, že jsem blázen."
42,1325,He's kicking me!,Hän potkii minua!
43,1326,Are you sure?,Oletko varma? | Oletko ihan varma?
45,1328,"Oh, there's a butterfly!","ඔයි, මෙහේ පර්හෝනන් වල!"
46,1329,Hurry up.,വേഗം പിടിക്ക്.
47,1330,It doesn't surprise me.,குறிப்பாக: குறிப்பாக: குறிப்பாக: குறிப்பாக: குறிப்பாக: குறிப்பாக: குறிப்பாக: குறிப்பாக: குறிப்பாக: குறிப்பாக: குறிப்பாக: குறிப்பாக: குறிப்பாக: குறிப்பாக: குறிப்பாக: குறிப்பாக: குறிப்பாக: குறிப்பாக: குறிப்பாக: குறிப்பாக: குறிப்பாக: குறிப்பாக: குறிப்பாக: குறிப்பாக: குறிப்பாக: குறிப்பாக: குறிப்பாக:
49,1333,It depends on the context.,| Se riippuu kontekstista. | Se riippuu kontekstista.
51,1335,That's the stupidest thing I've ever said.,මම කවදාවත් නොකිව්ව මෝඩ ප් රශ්නේ ගැන බලන්න.
53,1337,"When I grow up, I want to be a king.","Kun kasvan isoksi, haluan olla kuningas. | Isona haluan olla kuningas."
56,1340,So what?,क्या है? क्या है? क्या है? क्या है?
61,1345,I've always wondered what it'd be like to have siblings.,Olen aina miettinyt millaista olisi jos būtų sisaruksia.
63,1347,It would take forever for me to explain everything.,Kaiken selittämiseen menisi ikuisuus.
64,1348,That's because you're a girl.,"To je proto, že jsi holka. | To je proto, že jsi holka."
79,1363,I thought you liked to learn new things.,"Myslel jsem, že se budeš učit o nových věcech."
80,1364,Most people write about their daily life.,| Suurin osa ihmisistä kirjutab päivittäisestä elämästään.
82,1366,"In order to do that, you have to take risks.",Musíš riskovat a dělat si to sám.
84,1368,Why do you ask?,Why askt? | Why sinä kysyt?
89,1373,How long did you stay?,Jak dlouho byl tam? | Jak dlouho byl tam? | Jak dlouho byl tam? | Jak dlouho byl tam? | Jak dlouho viivyit siellä?
95,1379,That is intriguing.,Mielenkiintoista. | Sepä vasta interestingista. | Sepä vasta kiintoisaa.
102,1386,I didn't like it.,En pitänyt siitä. | En tykännyt siitä.
111,1395,I have to go to bed.,Minun musí jít nukkumaan. | Minun musí jít  Bedouyn.
118,1402,That wasn't my intention.,| Se ei ollut tarkoitukseni. | Se ei ollut tarkoitukseni.
119,1403,Thanks for your explanation.,താങ്ക്സ് സെൽനിസ്റ്റൻസ്സി.
123,1408,I don't know what you mean.,En tiedä mitä tarkoitat.
132,1417,I need to ask you a silly question.,Minun täytyy kysyä sinulta tyhmä kysymys.
136,1421,No one will know.,| Kukaan ei saa tietää.
138,1423,It seems interesting to me.,Se vaikuttaa minusta kiintoisalta.
140,1425,I like candlelight.,Pidän  Candlelight valosta.
149,1434,I love you.,Já tě miluju. | Rakastan tě. | Rakastan tě! | Já tě miluju. | Mä milujen sua.
151,1436,I am curious.,Olen utelias.
152,1437,Congratulations!,සුභපැතුම්! සුභපැතුම්!
153,1438,I don't want to wait that long.,En halua వేచి చాలా పొడవుగా.
154,1439,Why don't you come visit us?,Proč et tulisi käymään?
159,1445,I hate chemistry.,வேதியியல்.
165,1451,I have nothing better to do.,Ei ole parempaakaan tekemistä. | Minulla ei ole parempaakaan tekemistä.
166,1452,I can't explain it either.,Jákään en osaa selittää sitä.
167,1453,Everyone has strengths and weaknesses.,Kaikilla on heikkouksia ja vahvuuksia. | Kaikilla on omat vahvuudet ja heikkoudet.
172,1459,I don't know if I still have it.,"Může být, že mám na to stále."
174,1461,Don't underestimate my power.,Nepřesvědčujte mě o tom. | Přesvědčujte voimaani.
175,1462,My mom doesn't speak English very well.,Äitini ei puhu englantia kovin hyvin.
181,1468,Everyone wants to meet you. You're famous!,هرڅوک غواړئ چې ټوټه وخورئ. تاسو غواړئ غواړئ. | هرڅوک غواړئ چې ټوټه وخورئ. تاسو غواړئ غواړئ! | هرڅوک غواړئ چې ټوټه وخورئ. تاسو غواړئ غواړئ! | هرڅوک غواړئ چې ټوټه وخورئ. تاسو غواړئ غواړئ! | هرڅوک غواړئ چې ټوټه وخورئ.
194,1481,"Tomorrow, he will land on the moon.",Huomenna hän laskeutuu kuuhun.
195,1482,I don't speak Japanese.,En puhu japania.
197,1484,Nobody understands me.,Kukaan ei అర్థం నాకు.
198,1485,I learned to live without her.,Opin elämään ilman häntä.
200,1487,I have too many things on my mind these days.,Minulla on liian monta asiaa mielessäni nykyään.
201,1488,I just wanted to check my email.,Halusin vain lukea sähköpostini.
209,1496,It would take me too much time to explain to you why it's not going to work.,"Neměl bych moc času, abych ti litoval, proč to nebude fungovat."
214,1501,It can't be!,Ei voi olla! | Mahdotonta!
217,1504,Would you like something to drink?,"Chceš něco k jídlu? | Maistuisiko juotava? | Jak by bylo, chceš něco k jídlu? | Chceš něco k jídlu?"
234,1521,Please don't cry.,අනේ එපා.
243,1530,Allen is a poet.,Allen na runoilija.
248,1535,"If you see a mistake, then please correct it.","Jei matot virheen, taip korjaathan sen. | Jei huomaat virheitä, taip korjaathan ne."
253,1540,Why don't we go home?,Co když menisimme domů?
257,1544,One million people lost their lives in the war.,Miljoona ihmistä menetti henkensä sodassa.
270,1561,Did you miss me?,Kaipasitko mane? | Ar man jums man nemaloni?
272,1564,Thank you very much!,Paljon kiitoksia. | Thank you very much! | Thank you very much! | Suurkiitokset!
275,1567,It's a surprise.,yllätys న చూడండి.
276,1568,That's a good idea!,Se on hyvä ajatus! | Se on hyvä idea!
285,1578,They say love is blind.,"Říká se, že rakkaus na sokea."
296,1590,Do you speak Italian?,د روميانو په نُوم خط ١٠: ١٩
299,1594,May I ask a question?,Saanko kysyä kysymyksen? | Saanko esittää kysymyksen? | Saanko kysyä?
307,1602,You'll forget about me someday.,සිනා kyllä unohdat minut jonain päivänä.
308,1603,That is rather unexpected.,Se on melko odottamatonta.
311,1606,I couldn't have done it without you. Thank you.,ස්තුතියි.
319,1615,Do whatever he tells you.,Tee mitä ikinä అతను käskeekin.
323,1619,May I talk to Ms. Brown?,Saisinko Brownin puhelimeen?
326,1622,What do you want?,මොනාද ඔයාට ඕනේ? මොනාද ඔයාට ඕනේ?
333,1630,I have a dream.,Mám tu unelma.
347,1644,You look stupid.,Vypadáš tyhmältä. | Vypadáš typerältä.
349,1646,My name is Jack.,Nimeni na Jacku. | Minun nimeni na Jacku. | Minun nimeni na Jaakko. | Nimeni na Jaakko.
350,1647,I like it very much.,"例如:我非常喜欢它,非常喜欢它,非常喜欢它。"
352,1649,How do you say that in Italian?,Kaip tuo sanotaan italiaksi? | Kaip se sanotaan italiaksi?
354,1651,Is it far from here?,ഇവിടുന്ന് പോകണോ?
355,1652,These things aren't mine!,Tyhle věci nejsou moje! | Tyhle věci nejsou moje!
357,1654,Would you like to dance with me?,നൃത്തം ചെയ്യാമോ?
359,1659,It's not my fault!,Se ei ole minun syytäni! | Ei se minun syytäni ole!
363,1663,Where are the showers?,Kur yra dušo kabinos? | Kur yra dušo kabinos?
366,1666,I have lost my wallet.,Jsem kadottanut lompakkoni. | Olen hävittänyt lompakkoni. | Olen hukannut lompakon.
376,1679,Thanks to you I've lost my appetite.,"Menetin ruokahaluni, kiitos teidän."
386,1689,It is very hot today.,今日は本当に暑いです. | 今日は本当に暑いです.
394,1698,Look at me when I talk to you!,మీరు మాట్లాడేkenనాకుచూడండి
401,1705,I'm tired.,මට මහන්සියි! මට මහන්සියි! මට මහන්සියි! මට මහන්සියි!
404,1709,When do we arrive?,Milloin me olemme perilla? | Milloin me saavumme perille?
405,1710,"The check, please.","Lasku, kiitos. | Saisinko laskun."
407,1712,I have a headache.,பாலின விகிதம்: பாலின விகிதம்: பாலின விகிதம்: பாலின விகிதம்: பாலின விகிதம்: பாலின விகிதம்: பாலின விகிதம்: பாலின விகிதம்
411,1716,How are you? Did you have a good trip?,د کوه رونگ سمومیم په اړه
412,1717,I don't feel well.,Mám ei ole hyvä olo. | Minulla on huono olo. | En voi ihan hyvin.
413,1718,Call the police!,Soittakaa policelle! | Soita police! | Soittakaa police! | Kutsu police! | Kutsukaa police!
414,1719,It's too expensive!,Se on liian kallis! | Se maksaa liikaa!
418,1723,Merry Christmas!,Laba joulua! | Laba jouluu!
439,1744,"The past can only be known, not changed. The future can only be changed, not known.","Menneen voi vain tietää, ei muuttaa. Tulevan voi vain muuttaa, ei tietää."
449,1754,I'm starving!,Mulla on ihan hirveä nälkä! | Mä kuolen nälkään! | Minä kuolen nälkään! | Mullon nälkä! | Mulla on nälkä!
460,1765,I'm undressing.,Olen riisuutumassa. | Olen riisuuntumassa.
466,1771,The wind calmed down.,Tuuli laantui | Tuuli tyyntyi.
471,1776,"Who searches, finds.",Etsivä löytää.
472,1777,Rome wasn't built in a day.,Ei Roomaaakaan päivässä rakennettu. | Ei Roomaaakaan rakennettu yhdessä päivässä.
478,1783,That was the best day of my life.,Se oli elämäni paras päivä.
479,1784,I don't understand German.,En ymmärrä saksaa.
480,1785,I made my decision.,Tein päätökseni.
481,1786,I give you my word.,| Minä lupaan.
507,1813,It's cold.,Na zimno. | Se na zimno.
508,1814,I'm thirsty.,Máma na jano. | Mua janottaa. | Mullon jano. | Mulla na jano. | Minua janottaa.
522,1829,Life is beautiful.,Life on beautifulta. | Life on wonderfula.
554,1862,It is raining.,Sataa. | Sataa Wasser.
568,1876,I went to the zoo yesterday.,Kävin eilen eläintarhassa.
713,2022,I dreamt about you.,Näin unta sinusta. | Näin sinusta unta.
715,2024,I won't lose!,Já en muuten häviä!
731,2040,I'm almost done.,Už jsem skoro hotová.
752,2061,It is never too late to learn.,Ei ole koskaan liian myöhäistä oppia.
757,2066,What are you talking about?,What are you talking about? | What is it?
767,2077,"Thank you. ""You're welcome.""","""Kiitos."" ""Olkaa hyvä."" | ""Kiitos."" ""Ei kestä."" | ""Kiitos."" ""Eipä kestä kiittää."" | ""Kiitos."" ""Ole hyvä."" | ""Kiitti."" ""Ei mitään."" | Thank you. ""Eipä tämä mitään."" | Kiitoksia. ""Kaikin mokomin."""
769,2079,Winter is my favorite season.,Winter on lempivuodenaikani. | Talvi on Lieblingsvuodenaikani.
786,2096,He disappeared without a trace.,| Hän katosi kuin tuhka tuuleen.
801,2111,She was wearing a black hat.,Hänellä oli päässään musta hattu.
824,2136,Where is the bathroom?,Missä na WC?
856,2168,Where are you?,Kde jsi? | Kde jsi ty? | Kde jsi?
862,2175,No way!,"Ne, ne! | Ehdottomasti ei! | Ehdoton ei! | Ei missään nimessä! | Ei ikimaailmassa! | Vain kuolleen ruumiini yli! | Just joo. | Ei ikimaailmassa. | Vissiin. | No höpö höpö. | Ei voi olla! | Mahdotonta!"
902,2216,Don't forget about us!,අපිව අතහරින්න එපා!
934,2249,I need your advice.,குறிப்பாக: குறிப்பாக: குறிப்பாக: குறிப்பாக: குறிப்பாக: குறிப்பாக: குறிப்பாக:
987,2302,Whose is this?,Kenen tämä na?
995,2310,Do you like rap?,Ar tu nerašysi rapista? | Ar tu nerašysi räpista?
1003,2319,I don't know him.,En tunne häntä. | Minä en tunne häntä.
1006,2322,It's not important.,Se ei ole tärkeää. | Se ei ole tärkeää.
1007,2323,I don't care.,நேபாள மொழி: En välitä. | Ideal sama. | Hällä väliä.
1012,2329,Fifty-two per cent of British women prefer chocolate to sex.,"எழுத்தறிவு சதவீதம் பேர் ஆண்கள், பெண்களின் கல்வியறிவு சதவீதம் பெண்களின் கல்வியறிவு சதவீதம் ஆகும்."
1026,2344,Better late than never.,Parempi myöhään kuin ei milloinkaan.
1027,2345,"Like father, like son.",Ei omena kauas puusta putoa.
1030,2350,All cats are grey in the dark.,Visi kissat ovat harmaita pimeässä.
1032,2352,No news is good news.,"On hyvä merkki, jos heista ei kuulu mitään."
1048,2368,He's a good person.,Hän on hyvä Mensch. | Hän on kiltti. | Hän on ystävällinen. | Hän on kiltti Mensch. | Hän on ystävällinen Mensch. | Hän on kiva Mensch. | Hän on kiva Mensch.
1050,2370,Enjoy your meal!,සුභ රාත් රී කෑමක්!
1057,2378,Make yourself at home.,Ole kuin kotonasi.
1068,2389,I don't want it anymore.,En halua sitä enää.
1080,2401,I thought it was true.,"Myslel jsem, že je to pravda."
1088,2409,I went to drink a beer with friends.,Menin kaljalle kavereiden kanssa? | Menin kaljalle kavereideni kanssa?
1091,2412,They quarreled.,On riitelivät. | On tappelivat.
1092,2413,I ate caviar.,Söin kaviaaria.
1097,2418,How much is it?,How much se maksaa? | What se maksaa?
1101,2423,Did you leave a tip?,ජැටිට්කෝ ටිපියා?
1102,2424,Don't forget the ticket.,අනේ ඔන්හදා ලිපු.
1107,2429,I want you to tell me the truth.,"Chci, abys mi řekl pravdu."
1115,2437,I talked to friends.,Puhuin ystävilleni.
1122,2444,Tell me what happened.,Kerro minulle mitä tapahtui.
1127,2449,It's more difficult than you think.,Se on vaikeampaa kuin luulet.
1130,2453,I don't agree with him.,I don't agree with him. I don't agree with him. I don't agree with him. I don't agree with him. I don't agree with him.
1150,2474,I'd rather be a bird than a fish.,"""അരിക്കാം mieluummin lintu kuin kala."""
1169,5944,Tell me about it!,Kerro minulle siitä!
1176,5999,I have to take medicine.,Minun täytyy ottaa lääkettä.
1182,6019,I work even on Sunday.,Teen töitä auch Sonntagna.
1184,6024,It happened a long time ago.,To se stalo dlouhou dobu sitten. | To se stalo dlouhou dobu sitten.
1185,6026,Where have you been?,Missä olet gewesen? | Missä te olette olleet?
1188,6034,It's been snowing all night.,Satanut lunta Koko yön న.
1198,6054,"He was born on July 28th, 1888.","அதில் பட்டியல் சாதி மக்களின் தொகை 28,788 ஆக உள்ளது."
1207,6130,She is mad at me.,Hän on vihainen minulle.
1249,9905,You can rely on him.,Voit luottaa häneen.
1260,13335,Did you meet her?,Tapasitko hänet?
1333,15859,Can you ride a horse?,ഒസാടാക്ടോ മന്ത്രവാദിനി?
1354,15882,Do you live here?,ඔයා මෙහෙට එනවද?
1376,15904,Who are you waiting for?,ඔයාට මොනවද ඕන? ඔයාට මොනවද ඕන? ඔයාට මොනවද ඕන?
1384,15913,I'm proud of you.,Olen ylpeä sinusta. | Olen ylpeä teistä.
1389,15918,You look bored.,seemedt ikävystyneeltä. | seemedt tylsistyneeltä.
1460,15993,You work hard.,Sinä teet kovasti töitä.
1477,16010,Are you writing a letter?,කිරජොට්කෝ කිරජෙට්ටා?
1487,16020,Can you drive a car?,ඔසාටො ජායා ඔටෝආ?
1490,16023,You should apologize.,Sinun pitäisi pyytää anteeksi.
1580,16117,Why were you absent yesterday?,昨天为什么没去巴黎?
1584,16122,You must do your best.,Sinun täytyy tehdä parhaasi.
1591,16130,You look pale today.,Dneska jsem v pořádku.
1614,16159,You have to go.,Sinun täytyy mennä. | Sinun on pakko mennä.
1616,16161,You'd better not go.,Sinun on parempi jättää menemättä.
1619,16164,Are you happy?,Oletko onnellinen? | Oletteko te glücklichia? | Oletteko glücklichia?
1670,16216,You broke the rule.,සිනා rikoit sääntöä.
1678,16224,You look pale.,පේන විදිහට කාල්පාටලා.
1699,16246,Will you stay at home?,Ar norite likti namuose? | Ar norite likti namuose? | Jäätkö sinä kotiin?
1708,16255,What are you looking for?,මොනාද ඔයා කරන්නේ?
1709,16256,What are you looking at?,What do you think? | What do you really think?
1711,16259,What do you intend to do?,क्या आप कर रहे हैं? | आप क्या कर रहे हैं? | आप क्या कर रहे हैं? | आप क्या सोच रहे हैं?
1714,16263,What do you want to be?,നിനക്കെന്താ വേണ്ടത്?
1715,16265,What will you have?,මොනාද ඔයා ගන්න හදන්නේ?
1718,16268,What woke you up?,මොකද්ද හර්තාටි සිනට්?
1731,16283,You dropped your pencil.,Pudotit kynäsi. | Pudotit lyijykynäsi.
1736,16289,Do you study English?,Aprašymas anglų kalba? | Aprašymas anglų kalba?
1744,16300,Can you swim?,Osaatko uida? | Osaatko sinä uida?
1859,16428,Can you speak French?,Osaatko ranskaa? | Osaatko puhua ranskaa? | Osaatko sinä ranskaa? | Osaatko sinä puhua ranskaa?
1877,16449,Do you want anything?,നിനക്കെന്താ വേണ്ടത്?
1899,16475,You look very tired.,seemedt hyvin väsyneeltä. | seemedt todella väsyneeltä.
1912,16491,How about you?,നിനക്കെന്താ വേണ്ടത്?
1913,16492,What are you doing?,Что ты делаешь? Что ты делаешь? Что ты делаешь?
1941,16525,You have many books.,Sinulla on monta kirjaa. | Sinulla on monia kirjoja. | Teilla on monia kirjoja. | Teilla on monta kirjaa.
2001,16590,Did you watch the game?,Katsoitko pelin?
2116,16715,You can study here.,Voit opiskella täällä.
2144,16747,Aren't you happy?,Etkö ole onnellinen?
2168,16774,What time do you usually get up?,මොන වෙලාවටද ඔයා සාමාන් යයෙන් එන්නේ?
2328,16945,Compare your answer with Tom's.,Vertaa vastaustasi Tomin vastaukseen. | Vertaa vastaustasi Tomin vastauksen kanssa.
2331,16948,Your answer is right.,හරියටම උත්තර දෙන්න.
2351,16969,May I use your phone?,له موږ سره اړیکه ونیسئ
2375,16994,It's none of your business.,यह तुम्हारे मामले का नहीं है. यह तुम्हारे मामले का नहीं है. यह आपके मामले का नहीं है. यह आपके मामले का नहीं है. यह आपके मामले का नहीं है. यह आपके साथ कुछ भी नहीं है. यह किसी भी तरह से आपके लिए नहीं है. यह आपके मामले का नहीं है. यह आपके मामले के बारे में कुछ भी नहीं है. यह आपके मामले के बारे में कुछ भी नहीं है.
2376,16996,Mind your own business!,"""உங்களுடைய காரியங்களை கவனித்துக்கொள்ளுங்கள்! |உங்களுடைய காரியங்களை கவனித்துக்கொள்ளுங்கள்! |உங்களுடைய காரியங்களை கவனித்துக்கொள்ளுங்கள்! |உங்களுடைய காரியங்களை கவனித்துக்கொள்ளுங்கள்! |உங்களுடைய காரியங்களை கவனித்துக்கொள்ளுங்கள்! |உங்களுடைய காரியங்களை கவனித்துக்கொள்ளுங்கள்! |உங்களுடைய காரியங்களை கவனித்துக்கொள்ளுங்கள்! |உங்களுடைய காரியங்களை கவனித்துக்கொள்ளுங்கள்! |உங்களுடைய காரியங்களை கவனித்துக்கொள்ளுங்கள்!"
2392,17013,Go back to your seat.,வார்ப்புரு:Menne takaisin paikallesi. | Menne takaisin istuinpaikallesi. | Palaa takaisin omalle istumapaikallesi.
2440,17065,Write your address here.,Kirjoita osoitteesi tähän. | Kirjoita tähän osoitteesi.
2447,17073,I received your letter yesterday.,Sain kirjeesi yesterday.
2450,17076,Are your hands clean?,オバッタッタ・ハンドシ・クリーネート? | オバッタ・あなたのハンドネ・クリーネート?
2472,17101,Your bicycle is similar to mine.,Pyöräsi on samantapainen kuin minun.
2474,17103,Is your watch correct?,කෝල්සි හරිද?
2480,17110,Where are your things?,ستاسو د سوداګرۍ ځایونه چیرته دي؟ | چیرته د لمر وخت دی؟
2516,17150,Where do you come from?,Odkud pocházíš? | Odkud pocházíš? | Odkud pocházíš? | Odkud pocházíš? | Odkud pocházíš?
2555,17190,Make your choice.,Tee valintasi.
2562,17198,I know what you mean.,Vím co tím myslíš.
2643,17283,Where is your school?,ستاسو د ښوونځي په اړه څه شی دی؟
2703,17344,You're on the right track.,Olet oikeilla jäljilla.
2705,17347,Your time is up.,Aikasi na konci.
2713,17355,Your pen is better than mine.,Sinun kynäsi on parempi kuin minun.
2715,17357,Your plan sounds great.,Suunnitelmasi klingt hienolta.
2749,17395,Your cake is delicious.,Kakkusi on tosi hyvää. | Sun ケーキs on tosi hyvää.
2754,17400,Here is your bag.,Tässä na laukkusi.
2774,17421,I believe you.,私はあなたを信じます. | あなたを信じます.
2776,17423,I don't agree with you.,En ole samaa mieltä kanssasi.
2880,17534,You deserve the prize.,Ansaitset palkinnon.
2884,17538,Green suits you.,Zelený se ti líbí.
3032,17707,I want you.,Já chci sinut. | Já chci tebe.
3055,17735,I need you.,Já tě potřebuju. | Potřebtsen tebe.
3082,17764,Show me what you bought.,මෙන්න මට mitä ostit.
3110,17795,I guess you are right.,"Luulen, dass olet oikeassa."
3143,17829,I love you more than you love me.,Já tě miluju víc než ty mě.
3185,17881,I know you are rich.,"Vím, že jsi bohatý."
3310,18017,I don't blame you.,| En syytä אותך. | En syytä אותך.
3361,18073,You don't understand.,ඔයාට තේරෙනවා.
3552,18278,The sky is full of stars.,Taivas auf voller tähtiä.
3619,18356,Stop grumbling.,ലോpeta marmatus.
3758,18505,Money is the root of all evil.,Raha on kaiken pahan alku ja juuri.
3781,18531,I wish I were rich.,Olisinpa rikas.
3870,18631,Money talks.,Raha puhuu.
4377,19170,Don't be afraid.,പേടിക്കണ്ട.
4540,19342,"Fish, please.","കാലാ, നന്ദി."
4770,19587,Call an ambulance.,සෝita ambulanssi! | Soita ambulanssi. | Soittakaa ambulanssi.
4896,19729,Haste makes waste.,Hitaasti mutta varmasti.
4900,19733,Please hurry.,| Ole hyvä ja pidä kiirettä.
5007,19847,I haven't seen him for a long time.,Už jsem ho dlouho neviděl.
5224,20086,All that glitters is not gold.,"Všechn, mikä kiiltää, ei ole kultaa. | Ei kaikki ole kultaa mikä kiiltää. | Ei kaikki kultaa mikä kiiltää eikä kaikki toivoata mikä hohtaaa."
5235,20097,You are beautiful.,ඔයා ලස්සනයි. ඔයා ලස්සනයි. ඔයා ලස්සනයි.
5418,20288,I'm not feeling well.,Minulla on huono olo. | En voi ihan hyvin.
5471,20344,Take it easy.,| Rauhoitu hyvä inimene. | Rauhoitu.
5504,20379,Are you crazy?,നിനക്ക് വട്ടാണോ?
5514,20392,Never mind.,| Ei sen väliä. Ei mitään.
5520,20398,Forget it.,| Ei enää puhuta siitä!
5526,20405,I'm exhausted.,Я хочу быть счастливым. Я хочу быть счастливым. Я хочу быть счастливым. Я хочу быть счастливым.
5823,20719,Look out!,വാറോ!
6087,21003,I want something sweet.,Haluan jotain makeaaa.
6174,21098,"Check, please.","Lasku, kiitos. | Saisinko laskun."
6197,21124,I feel cold.,Minun on vilu. | Minulla on cold.
6326,21259,It's a piece of cake.,Se on easy nakki. | Se on pala  cakea. | Se on kakunpala. | Helppo nakki!
6333,21267,Have fun.,おいおいおいおいおいおいおいおいおいおいおいおいおいおいおいおいおいおいおいおいおいおいおいおいおいおいおいおいおいおいおいおいおいおいおいおいおいおいおいおいおいおいおいおいおいおいおいおいおいおいおいおいおいおいおいおいおいおいおいおいおいおいおいおいおいおいおいおいおいおいおいおいおいおいおいおいおいおいおいおいおいおいおいおいおいおいおいおいおいおいおいおいおいおいおいおいおいおいおいおいおいおいおいおいおいおいおいおいおいおいおいおいおいおいおいおいおいおいおいおいおいおいおいおいおいおいおいおいおいおいおいおいおいおいおいおいおいおいおいおいおいおいおいおいおいおいおいおいおいおいおいおいおいおいおいおいおいおいおいおいおいおいおいおいおいおいおいおいおいおいおいおいおいおいおいおいおいおいおいおいおいおいおいおいおいおいおいおいおいおいおいおいおいおいおい
6711,21678,Do you remember?,Pamatuješ? | Pamatuješ? | Pamatuješ ty? | Pamatuješ ty?
6961,21938,I want to go abroad.,Haluan lähteä ulkomaille. | Haluan mennä ulkomaille.
7080,22061,Open up.,| Avatka.
7136,22121,All aboard!,Všechny kyytiin! | Nouskaa kyytiin! | Všechny laivaan!
7137,22122,"Good morning, everybody.",എല്ലാവരും ശ്രദ്ധിക്കൂ.
8687,23749,Flowers bloom.,Kukat kukoistavat.
8818,23884,There is no smoke without fire.,Ei savua ilman tulta ilman.
8859,23929,Do you like singing?,ඔයා ලවුලස්ටිස්ට් එක තියාගෙනද ඉන්නේ?
8883,23959,I'm free.,Я свободна. Я свободна. Я свободна. Я свободна. Я свободна. Я свободна. Я свободна. Я свободна. Я свободна. Я свободна.
9000,24081,How is your family?,Kokie šeimosesi voi? | Kokie šeimosellesi kuuluu?
9339,24435,Who do you think you are?,Kuka luulet olevasi?
9511,24616,Nothing happened.,Mitään ei tapahtunut.
9546,24657,Why didn't you come?,ඇයි ආවේ?
9561,24674,What did you buy?,څه شی دی؟ | څه شی دی؟
9563,24676,What are you reading?,මොනාද ඔයා කියවන්නේ?
9583,24698,What are you thinking about?,Co ty myślisz? | Co ty myślisz?
9588,24706,What do you mean?,क्या आप चाहते हैं? | क्या आप चाहते हैं? | क्या आप चाहते हैं? | क्या आप चाहते हैं? | क्या आप चाहते हैं?
9624,24759,What do you want to do?,आप क्या करना चाहते हैं? | आप क्या करना चाहते हैं? | आप क्या करना चाहते हैं? | आप क्या करना चाहते हैं? | आप क्या करना चाहते हैं? | आप क्या करना चाहते हैं?
9629,24765,What would you like to drink?,What would you like to drink? | What would you like to drink?
9732,24885,What a pity!,Vahinko. | Voi harmi! | Voi miten harmillista! | Onpa harmillista!
9795,24958,Why me?,Kodėl minä? | Kodėl juuri minä?
9833,25000,What are you going to do?,Co chceš dělat? | Co chceš dělat? | Co chceš dělat? | Co chceš dělat? | Co chceš dělat? | Co chceš dělat? | Co chceš dělat? | Co chceš dělat? | Co chceš dělat? | Co chceš dělat? | Co chceš dělat? | Co chceš dělat? | Co chceš dělat? | Co chceš dělat? | Co chceš dělat? | Co chceš dělat? | Co chceš dělat?
9858,25029,What's new?,What's New? | Is there something new?
9915,25095,Can I help you?,Kaip galite padėti? | Kas gali padėti jums? | Kas gali padėti jums?
9926,25106,What do you want me to do?,"Co chceš, abych dělal? | Co chceš, abych dělal? | Co chceš, abych dělal?"
9976,25164,What's up?,क्या आता है? | कैसे जाता है? | कब गिरता है? | कब गिरता है? | कब गिरता है?
10031,25229,Would you like anything to eat?,Wantaisitko mitään syötävää? | Tahtoisitko jotain syötävää?
10101,25313,Anything new?,Mitään uutta? | Onko mitään uutta?
10274,25498,How should I know?,Miten minä sen tietäisin?
10279,25504,I'm a free man.,Olen vapaa mies.
10284,25509,I'm a hero.,Já olen sankari. | Já olen sankari.
10301,25528,Don't worry about me.,| Älkää huolehtiko minusta.
10307,25534,Leave me alone!,Jätä minut peacean! | Anna minun olla rauhassa! | Anna minun olla!
10311,25538,Are you talking to me?,د پښتو ته راواپس کېدل
10406,25640,The king abused his power.,Kuningas väärinkäytti valtaansa.
10449,25684,Did you buy a round-trip ticket?,ඔස්ට්ටිකෝ මෙනෝ-පාලුයි-ලිපුන්?
10682,25930,Action!,Actiona!
10706,25954,Draw a circle.,Piirrä ympyrä.
10903,26170,Can you speak English?,Osaatko puhua englantia?
10995,26277,English is an international language.,Английский на международном языке.
11099,26397,I wish I could swim.,ഒസൈസ്സിൻപ ഉയിഡ.
11336,26653,You are lying.,අනේ පස්සට වෙන්න!
12245,27641,Leave me alone.,Jätä minut peacean.
12400,27808,He didn't say a word.,Hän ei sanonut mitään.
12586,28006,What did he say?,Co řekl on? | Co řekl mies? | Co řekl syn?
12698,28129,Wrong.,വ്രാറിന്.
12727,28159,My stomach hurts.,மலேசியாவில் | Mahani on kipeä.
13148,28607,Not bad.,Ei paha.
13494,28989,I like pizza very much.,Pořádná pizzasta tosi paljon.
13554,29049,I am at home.,Olen kotona. | Minä olen kotona.
14079,29600,Linda loves chocolate.,Linda pitää kovasti suklaasta. | Linda rakastaa suklaata.
14090,29612,I am eating an apple.,Syön omenan.
14108,29632,The apple fell from the tree.,ඔමේනා ටිගුයි පූසා.
14125,29653,Lincoln died in 1865.,லிங்கன் 1865 ஆம் ஆண்டில் பிறந்தார்.
14219,29749,I'm listening to the radio.,Kuuntelen radiota. | Minä kuuntelen radiota.
14232,29763,Turn on the radio.,Voisitko put radion päälle? | Laita radio päälle.
14311,29846,The lion is the king of the jungle.,Leijona on viidakon kuningas.
14382,29922,Listen carefully.,Kuuntele tarkasti. | Kuuntele tarkkaan.
14483,30030,School starts in September in Europe.,Europeanssa koulut prasideda rugsėjossa.
14506,30054,Sweet dreams!,කෞනියිටා යුනියා!
14536,30085,Have a nice day.,සුභ දිනjatkoa.
14575,30126,Drive slowly.,Aja hitaasti.
14751,30316,Hi! How are you?,"terve, mitä kuuluu? | Hei! Mitä kuuluu? | Moi! Miten menee?"
14824,30397,Louder.,பாலின விகிதம் (கி.மு.மு.
14826,30399,"Louder, please.","Lujempaa, kiitos. | Kovempaa, kiitos."
14958,30542,Definitely!,Tietenkin! | Tietysti! | Totta kai! | No tietty! | Ehdottomasti!
15238,30835,I wouldn't do that if I were you.,Sinuna en tekisi niin.
15358,30970,Are you there?,നിങ്ങള് അവിടെയാണോ?
15690,31334,Time is up.,Aika na konci.
15703,31348,We have no time.,നമുക്ക് സമയമില്ല.
15728,31380,I have to leave now.,Musím jít teď. | Teď minun musí odejít. | Musím jít teď. | Musím jít teď. | Musím jít teď. | Musím odejít teď. | Musím odejít teď.
15737,31390,"No, thank you.",Ei kiitos.
15814,31476,"Could you repeat that, please?",Voisitko toistaa?
15855,31522,Please show me another one.,Voisitko näyttää jonkin toisen? | Voisitko näyttää jotain toista?
16000,31683,It's already seven.,Kello na Jo seitsemän.
16038,31723,Try again.,احاول مرة اخرى احاول مرة اخرى احاول مرة اخرى احاول مرة اخرى احاول مرة اخرى احاول مرة اخرى احاول مرة اخرى احاول مرة اخرى احاول مرة اخرى احاول مرة اخرى احاول مرة اخرى احاول مرة اخرى احاول مرة اخرى احاول مرة اخرى احاول مرة اخرى احاول مرة اخرى احاول مرة اخرى احاول مرة اخرى احاول مرة اخرى احاول مرة اخرى احاول مرة اخرى احاول مرة اخرى احاول مرة اخرى احاول مرة اخرى احاول مرة اخرى احاول مرة اخرى احاول مرة اخرى احاول مرة اخرى احاول مرة اخرى احاول مرة اخرى احاول مرة اخرى احاول مرة اخرى احاول مرة اخرى احاول مرة اخرى احاول مرة اخرى احاول مرة اخرى احاول مرة اخرى احاول مرة اخرى احاول مرة اخرى احاول مرة اخرى احاول مرة اخرى احاول مرة اخرى احاول مرة اخرى احاول مرة اخرى احاول مرة اخرى احاول مرة اخرى احاول مرة اخرى احاول مرة اخرى احاول مرة اخرى
16201,31892,Mary is tall.,Mari na Longu.
16209,31900,Mary understands Chinese.,Mari ymmärtää kiinaa.
16216,31907,Mary ran.,മാരി ജൂക്സി.
16371,32071,You're disgusting!,നിനക്കൊന്നു പേടിക്കണ്ട!
16803,32527,I agree completely.,私は完全に同意しています. | 私は完全に同意しています.
16844,32569,I don't know yet.,| Mä en tiie viel.
16903,32635,See you again.,(பிபிபிசி) நேபாள மொழி: நேபாள மொழி: நேபாள மொழி: நேபாள மொழி: நேபாள மொழி: நேபாளம்
16937,32672,See you soon!,නhdään pian!
17093,32841,A friend in need is a friend indeed.,| Hädässä ystävä tunnetaan. | Hädässä ystävä tunnetaan.
17588,33354,Take a taxi to the hotel.,Ота такси hotellille.
17763,33536,I don't like coffee.,කෝපි එකක් බොන්න.
17933,33712,I feel homesick.,കൊയ്-ഐക്കവയുടെ കാര്യം നോക്ക്.
17991,33771,Do you have a pen?,നിനക്കെന്തെങ്കിലും അറിയാമോ?
18223,34011,Do your best.,Tee parhaasi.
18989,34819,It's brand new.,Se on upouusi.
19015,34846,"Two beers, please.","Two olutta, thank you."
19153,34991,Do you like playing volleyball?,Pelaatko mielelläsi lentopalloa?
19253,35096,Who wrote Hamlet?,Kuka wrote Hamletin?
19520,35385,Let's take a bus.,Menään bussilla.
19601,35471,Fill the bucket with water.,Täytä ämpäri vedellä.
19616,35489,Don't talk nonsense!,අනේ කතා කරන්න hölynpölyä. | අනේ කතා කරන්න roskaa! | අනේ කතා කරන්න puppua!
19708,35586,Here are your keys.,Tässä ovat avaimesi.
20167,36088,What?,What? | What?
20174,36097,How cute!,कैसे है! कैसे है! कैसे है! कैसे है! कैसे है! कैसे है! कैसे है!
20359,36297,Everything is ready.,Wszystko na valmista. | Wszystko na valmiina.
20396,36344,Why is he here?,Proč je tady?
20451,36405,Why are you crying?,Kodėl sinä itket? | Kodėl te itkette?
20459,36413,Why did you quit?,എന്തിനാ നിന് റെ ദേഷ്യം?
20465,36419,Why?,ඇයි?
21008,37011,Tom goes to school on foot.,Tom käy koulussa kävellen. | Tom menee kouluun kävellen. | Tom menee kouluun jalan.
21012,37015,Tom likes to knit.,トム・オブ・ネウロア. | トム・オブ・ネウロア.
21025,37029,Tom frowned.,குறிப்பாக: குறிப்பாக: குறிப்பாக: குறிப்பாக: குறிப்பாக: குறிப்பாக: குறிப்பாக: குறிப்பாக: குறிப்பாக: குறிப்பாக: குறிப்பாக: குறிப்பாக: குறிப்பாக:
21049,37053,Tom is interested in mountaineering.,Tom auf interessiert vuorikiipeilystä. | Tomia interessiert vuorikiipeilily. | Vuorikiipeily interessiert Tomia.
21073,37077,Tom is a student.,Tom on Student. | Tom on oppilas.
21078,37083,Tom is interested in mathematics.,汤姆对数学感兴趣. | 汤米娅对数学感兴趣. | 数学感兴趣汤米亚.
21093,37098,Tom drove the car.,Tom ajoi autoa.
21115,37121,Tom gave me a pen.,Tom antoi minulle kynän.
21156,37162,Tom is absent.,"இக்கோயிலில் அமைந்துள்ள அருங்காட்சியகங்கள், அருங்காட்சியகங்கள், அருங்காட்சியகங்களில் அமைந்துள்ள அருங்காட்சியகங்கள், அருங்காட்சியகங்களில் அமைந்துள்ள அருங்காட்சியகங்கள், அருங்காட்சியகங்களில் அமைந்துள்ள அருங்காட்சியகங்கள், அருங்காட்சியகங்களில் அமைந்துள்ள அருங்காட்சியகங்கள், அருங்காட்சியகங்களில் அமைந்துள்ள அருங்காட்சியகங்கள், அருங்காட்சியகங்களில் அமைந்துள்ள அருங்காட்சியகங்கள், அருங்காட்சியகங்களில் அமைந்துள்ள அருங்காட்சியகங்கள், அருங்காட்சியகங்களில் அமைந்துள்ள அருங்காட்சியகங்கள், அருங்காட்சியகங்களில் அமைந்துள்ள அருங்காட்சியகங்கள், அருங்காட்சியகங்களில் அமைந்துள்ள அருங்காட்சியகங்கள், அருங்காட்சியகங்களில் அமைந்துள்ள அருங்காட்சியகங்கள், அருங்காட்சியகங்களில் அமைந்துள்ள அருங்காட்சி"
21164,37170,Tom looks pale.,Tom vypadá kalpealta.
21178,37185,Tom likes swimming.,例如: 例如: 例: 例: 例: 例: 例: 例: 例: 例: 例: 例: 例: 例: 例: 例: 例: 例: 例:
21191,37199,Tom walks slowly.,Tom kävelee hitaasti. | Tom on hidas. | Tom on hidas kävelemään.
21217,37226,Does Tom like tomatoes?,ടോം ടോമയാട്ടിസ്റ്റാണോ?
21224,37234,Where was Tom born?,Missä Tom on syntynyt? | Missä Tom syntyi?
21225,37236,Tom finally gave up smoking.,ටොම් lopetti tupakanpolton.
21233,37244,Tom likes cheese.,Tom pitää juustosta. | トムはチーズストーステー。
21355,37370,Tom and I are friends.,Tom ja minä jsme ystäviä.
21376,37392,Aren't you Tom?,നീയാണോ ടോം?
21420,37437,"How are you, Tom?","What Happens, Tom? | What Happens, Tom?"
21493,37512,Where does it hurt?,څه شی دی؟ څه شی دی؟ څه شی دی؟ څه شی دی؟ څه شی دی؟ څه شی دی؟ څه شی دی؟
21787,37840,It was really cheap.,| Se oli tosi halpaa.
21838,37894,It doesn't matter.,Ei sen väliä.
21871,37928,Which book is yours?,ستاسو په اړه څه ليکنه؟
21919,37981,You may choose whichever you want.,Voit valita minkä tahansa haluat.
22065,38153,Where do you work?,Kde jsi pracoval? | Kde jsi pracoval? | Kde jsi pracoval? | Kde máš práci?
22275,38387,I'm sorry.,සමාවෙන්න. | Olen pahoillani. | Pyydän anteeksi. | Minä olen pahoillani.
22280,38392,I don't get it.,| En tajua. | En tajua.
22349,38464,Please drive carefully.,| Ajathan varovaisesti. | Ajathan varovaisesti.
22414,38559,Please make yourself comfortable.,Tee olosi mukavaksi.
22420,38571,"Sit down, please.","வார்ப்புரு:Olka hyvä ja istukaa. | Käykää istumaan, olkaa hyvä. | Istukaa, olkaa hyvä. | Istuhan alas. | Istu alas, ole hyvä. | Käy istumaan, ole hyvä."
22633,38820,Please forgive me.,Anna minulle anteeksi.
22726,38926,How are you doing?,| Miten voit?
22731,38932,Where's the restroom?,Missa టాయిస్ ఆన్?
22751,38955,German is not an easy language.,ജര് മ്മന് ഒരു എളുപ്പ ഭാഷയല്ല.
22919,39148,Turn off the TV.,Telewizja Sulje.
22935,39164,I watch television.,Katson telkkaria. | Katson TV:tä. | Katson televizija. | Katselen televizija. | Mä kattelen telkkarii.
23362,39619,There is an orange on the table.,Pöydällä on appelsiini.
23726,40019,Let me see it.,Annas kun minä katson.
23755,40051,Step aside.,Astu sivuun.
24039,40350,No one can help me.,Kukaan ei voi నాకు సహాయం.
24119,40434,Who cares?,Ketä kiinnostaa? | Ideal niinku kiinnostais.
24301,40632,Stop smoking.,லோபேட்டா துபாக்கனி. | லோபேட்டா துபாக்கன் பொல்ட்டோ. | லோபேட்டா துபாக்கன் பொல்ட்டோ.
24829,41207,Most Americans like hamburgers.,Didžioji dalis amerikkalaisista išsiskiria iš hampurilaisista.
25162,41556,I didn't mean it.,En tarkoittanut sitä.
25178,41572,Don't say that.,Neříkej to takhle. | Neříkej to takhle.
25310,41719,Turn it off.,பாலின விகிதம்: பாலின விகிதம்: பாலின விகிதம்.
25413,41825,"Give it to me, please.",Ole hyvä ja anna se minulle.
25435,41848,Let me see that.,Anna minun katsoa sitä.
25615,42038,It's about the size of an egg.,Se on suunnilleen munan kokoinen.
25800,42235,Whose idea was it?,Kenen idea se oli? | Kenen ajatus se oli?
25903,42344,Is it yours?,നിനക്കെന്താ പ്രശ്നം?
26116,42572,I put it in the drawer.,Panen se pöytälaatikkoon. | Panen sen ボックスon.
26373,42849,What is it?,What se on? | What se on?
26708,43211,What does it mean?,Co to znamená?
27366,43899,Give me the book.,Anna kirja minulle. | Anna minulle se kirja. | Anna se kirja minulle.
27393,43928,Where is the book?,Missä kirja on? | Missä se kirja on?
30161,46819,The car is ready.,Auto on valmis. | Auto on valmiina.
31360,48085,What does this word mean?,Co to znaczy to słowo? | Co to słowo oznacza?
31515,48251,The dog is dying.,Se dog on kuolemaisillaan.
33122,49963,Open the bottle.,Avatkaa se pullo. | Avatkaa pullo. | Avaa se pullo. | Avaa pullo.
34300,51271,I'm not at all tired.,”“我一点也不累了。 ”“我一点也不累了。
34363,51340,I have a cough.,യസ്കയുടെ കാര്യം നോക്ക്.
34690,51692,"All horses are animals, but not all animals are horses.","എല്ലാ കുതിരകളും മൃഗങ്ങളാണ്, പക്ഷെ എല്ലാ മൃഗങ്ങളും കുതിരകളല്ല."
35005,52022,Terrific!,Mahtavaa! | Upeaa! | Upeeta!
35010,52027,Wow!,Mahtavaa! | Siistiä! | Vau!
35060,52081,I'm coming.,Jsem tulossa. | Já olen tulossa. | Tulen. | Já tulen.
36366,53465,Study hard.,Opiskele ahkerasti.
37073,54201,Here comes the bus.,Siinä tulee bussi.
37093,54223,Come along.,"""நம்முடன் வரவும், நம்முடன் வரவும், நம்முடன் வரவும், நம்முடன் வரவும்."
37187,54331,Ladies first.,නයිසෙට් ඉස්සෙල්ලා.
37308,54468,I wish you good luck.,"""உங்களுடைய நற்செயல்களை நிறைவேற்றிக் கொள்வீராக! | உங்கள் நற்செயல்களை நிறைவேற்றுவீராக!"
37430,54604,"Hello, Tom.","Hej, Tome! | Terve, Tome! | Moi, Tome."
37679,54868,It's true.,Totta న చూడండి.
37886,55087,Whose books are these?,Kenen kirjoja nämä ovat?
38220,55437,This is their house.,Tohle je na jejich talonsa. | Tohle je na jejich kotinsa.
38293,55514,Whose room is this?,Kenen huone tämä on?
38298,55519,Whose umbrella is this?,Kenen tämä sateenvarjo on?
38300,55521,Whose pencil is this?,Kenen lyijykynä tämä on? | Kenen kynä tämä on?
38312,55535,This is too big.,ഇത് വളരെ വലുതാണ്.
38503,55738,This is a dog.,මේක බල්ලා මත.
38513,55749,Is this your bicycle?,Ar tai polkupyöräsi? | Ar tai Bikesi? | Ar tai Your Bikesi?
38528,55767,I don't like this.,"”“我不喜欢这个,我不喜欢这个,我不喜欢这个,我不喜欢这个,我不喜欢这个,我不喜欢这个。"
38732,55984,Is this your umbrella?,Ar tai tavo sateenvarjosi? | Ar tai tavo sateenvarjosi?
39336,56634,What do you call this vegetable in English?,ولې دا د انګليسي ژبې خبرې اترې ولې دي؟
39580,56910,This book is new.,இது ஒரு புதிய பதிப்பு.
40569,57974,I don't understand this word.,En ymmärrä tätä sanaa.
41714,59199,Don't throw away this magazine.,ඒ අයව මේ පැත්තෙන් අරගෙන යන්න.
42988,60560,This program cannot be run in DOS mode.,Este programaa ei voi llevar a cabo DOS-tilassa.
43098,60676,Does this bus go to the beach?,ഈ ബിസ്സി ബാറണ്ടെല്ലെ?
43174,60758,The knife is not sharp.,Veitsi ei ole terävä.
43864,61484,This is my daughter.,Dies on tyttäreni. | Tässä on minun tyttäreni.
43988,61614,This is a hospital.,ഇത് ഹോസ്പിറ്റലിൽ ആണ്.
44219,61875,Please wait here.,"Odota tässä, ole hyvä."
44415,62110,Where is the nearest subway station?,Missä na lähin metroasema?
44885,62608,Nobody was injured.,Kukaan ei loukkaantunut.
45368,63119,Today is Sunday.,ഇന്ന് ഞായറാഴ്ച.
45458,63212,Do you believe in ghosts?,Uskotko aaveisiin?
45461,63215,You make me happy.,Sinä teet minut iloiseksi. | Sinä teet minut glücklicheksi.
45464,63218,You look tired.,පේන විදිහට මහන්සිneeltä.
45531,63296,I caught three fish yesterday.,Sain eilen kiinni kolme kalaa.
45558,63324,A fox is a wild animal.,Kettu auf villieläin.
45836,63615,It's pretty cold.,നല്ല തണുപ്പുണ്ട്.
45851,63631,Canada is larger than Japan.,Kanada na większej niż japoński.
46147,63957,Is your mother at home?,අම්මා ගෙදර ඉන්නවද?
46407,64241,Your dog is very big.,コイラシは本当にイソ。
46423,64257,Take care of yourself.,| Pidä huolta itsestäsi.
46488,64332,You are drunk!,"""உங்களுடைய தெய்வங்கள் யாவும் (அல்லாஹ்வின்) தூதர்கள் ஆவார்கள்"" (என்று கூறப்படும்)."
46621,64491,Behave yourself.,Käyttäydy.
46626,64496,Watch yourself.,Ole varovainen.
46634,64505,Sit wherever you like.,Istu missä haluat. | Istu missä haluat.
46736,64620,I want money.,Já chci rahaa. | Haluan rahaa.
46799,64693,Welcome home.,Vítejte doma.
46985,64918,"Good morning, Mike.","Huomenta, Mike."
47531,65501,My family goes skiing every winter.,Perheeni යනවා hiihtämään joka talvi.
47918,65909,It's too late now.,Na příliš myöhäistä nyt.
47926,65918,I am coming.,Tulen. | Já tulen. | Olen tulossa. | Já olen tulossa.
48043,66043,When did you get back from London?,Milloin palasit Londonsta?
48608,66664,Jesus wept.,യൂസസ് ഇറ്റ്കി.
48699,66762,Happy Easter!,Iloista pääsiäistä! | Iloista Pääsiäistä! | Laba pääsiäistä!
48916,66989,What's that?,क्या है? | क्या है? | क्या है? | क्या है? | क्या है?
49048,67124,Is that a bat?,നിനക്കെന്താ ലപ്പങ്കോ?
49050,67126,That is mine.,నాన్ చూడండి.
49262,67345,Alice smiled.,ലിയസ ഹിമിലി.
50014,68134,Do you know if he has a girlfriend?,"Víš, že má přítelkyni?"
50417,68547,The house is haunted.,Talossa kummittelee. | This on kummitustalo. | Se on kummitustalo. | Siinä talossa kummittelee.
50430,68563,Look at that smoke.,Katso tuota savua.
50752,68908,Are you free tomorrow?,| Jsi zítra volná? | Jsi zítra volná? | Jsi zítra volná? | Jsi zítra volná? | Jsi zítra volná? | Jsi zítra volná? | Jsi zítra volná? | Jsi zítra volná? | Jsi zítra volná? | Jsi zítra volná? | Jsi zítra volná? | Jsi zítra volná? | Jsi zítra volná? | Jsi zítra volná? | Máš zítra něco? | Máš zítra něco? | Máš zítra něco? | Máš zítra něco? | Máš zítra něco?
50779,68937,I admire you.,Ihailen sinua.
50789,68948,Are you busy?,നിനക്കെന്താ ഇത്ര തിരക്ക്?
50795,68954,Are you studying?,Opiskeletko?
50871,69044,Do you know where he lives?,"Víte, kde bydlí?"
51020,69205,Do you get along with your boss?,♪ ♪ ♪
51214,69421,Have you ever seen a whale?,Už jsi nikdy neviděl valasta?
51225,69436,Do you like black cats?,ایا تاسو غواړئ چې د انګلیسي ژبې زده کړئ؟ | ایا تاسو غواړئ چې د انګلیسي ژبې زده کړئ؟ | ایا تاسو غواړئ چې د انګلیسي ژبې زده کړئ؟ | ایا تاسو غواړئ چې د انګلیسي ژبې زده کړئ؟ | ایا تاسو غواړئ چې د انګلیسي ژبې زده کړئ؟
51284,69506,You have a good memory.,සිනාල්ලා on hyvä muisti.
51296,69521,Are you a student?,あなたは学生ですか? | あなたは学生ですか?
51362,69611,You have everything.,හැමදේම සිනාල්ලා.
51370,69619,Do you want anything to eat?,何か食べたいですか? | Tahdotko食べたいですか?
51485,69763,You're still young.,பாலின விகிதம் ஆயிரம் ஆண்களுக்கு 100 பெண்கள் வீதம் உள்ளனர். பாலின விகிதம் ஆயிரம் ஆண்களுக்கு 100 பெண்கள் வீதம் உள்ளனர்.
52019,70408,Where is your room?,په اړه څه شی دی؟
52198,70623,What is your name?,څه شی دی؟ څه شی دی؟ څه شی دی؟ څه شی دی؟
52496,70960,How old is your father?,Minkä ikäinen isänne on? | How old isäsi on?
52528,71000,How old is your grandfather?,Kaip senas jūsų isoisäsi ant?
52742,71256,Are you students?,Ar esate opiskelijoita? | Ar esate te opiskelijoita?
53190,71751,I know him.,Já ji znám. | Já ji znám. | Tunnen ji. | Vím ji.
53489,72055,He looks suspicious.,Hän näyttää epäilyttävältä.
53510,72076,Now I remember.,දැන් මතක තියාගන්න.
54778,73398,Ten years is a long time.,ஆண்டு முடிவிற்கு மேலும் பல ஆண்டுகள் உள்ளன.
54812,73434,It's ten o'clock sharp.,Kello na tasan 10.
55379,138919,Welcome.,Welcome! | Welcome.
55509,237639,You speak fluent English.,英语:Swipe smooth 英语:Swipe smooth 英语:Swipe smooth 英语:Swipe smooth 英语:Swipe smooth 英语:Swipe smooth 英语:Swipe smooth 英语:Swipe smooth 英语:Swipe smooth
55555,237692,I'll make you happy.,Teen sinut iloiseksi. | Teen sinut glücklicheksi.
55560,237698,I believe in you.,Uskon sinuun.
56637,238862,It's Monday.,തിങ്കളാഴ്ച.
57023,239285,Can you find it?,Voitko finden sen? | findtkö sen?
57151,239431,Good luck.,In: Onnea matkaan. | Onnea.
57294,239578,Where do you live now?,Missä sinä asut ఇప్పుడు?
57582,239892,Is he breathing?,ഇയാളെ തൂങ്ങിക്കിടക്കുന്നുണ്ടോ?
57834,240166,Look back!,മ്യൂസിലേ!
58614,241077,Let's go!,മെൻറെൻ!
58720,241200,I give up.,Annan periksi. | Luovutan.
59166,241675,I'm on a diet.,Olen dietilla. | Olen laihdutuskuurilla.
60039,242641,That's enough for today.,Tohle stačí od tohoto dne. | Přestaň od tohoto dne k tomuto. | Přestaň od tohoto dne k tomuto. | Přestaň od tohoto dne k tomuto. | Přestaň od tohoto dne k tomuto. | Přestaň od tohoto dne k tomuto.
60111,242732,It is very cold today.,Dnes on tosi chladno. | Dnes on strašně chladno. | Dnes on opravdu chladno.
60183,242809,It's cold today.,ഇന്ന് തണുത്തു.
60207,242836,It is Monday today.,ഇന്ന് തിങ്കളാഴ്ച.
60247,242881,It's hot today.,今日は暑い日です. | 今日は暑い sää.
60906,243599,Sugar dissolves in water.,Sokeri liukenee veteen.
61013,243711,The worst is over.,പാഹിന് ഓഹിയില്.
61782,244539,Yesterday was my birthday.,Eilen oli syntymäpäiväni. | Eilen oli minun syntymäpäiväni. | Minulla oli eilen syntymäpäivä.
62564,245411,Are you working?,Вы работаете? | Вы работаете? | Вы работаете? | Вы работаете? | Вы работаете? | Вы работаете? | Вы работаете? | Вы работаете? | Вы работаете? | Вы работаете? | Вы работаете? | Вы работаете? | Вы работаете? | Вы работаете?
62605,245454,I'm looking for a job.,Etsin työtä. | Etsin töitä.
63020,245897,Children need loving.,Lapset tarvitsevat rakkautta.
63402,246314,"Stop, or I'll shoot.",Pysähdy Tai గన్.
64414,247442,Welcome to our home.,සාදරයෙන් පිළිගන්නවා අපේ ගෙදරට.
64711,247763,We try.,| Yritämme.
64879,247937,We played soccer yesterday.,Já pelasimme včera fotbala.
65001,248069,We painted the house green.,Maalasimme talon vihreäksi.
66839,250101,Please tell me your name.,名前の由来は? | Sanoisitko nimesi.
66866,250135,Follow me.,| Seuraa minua.
67038,250327,Do you remember me?,Pamatuješ si minutku? | Pamatuješ si ten minutku? | Pamatuješ si minutku? | Pamatuješ si minutku?
67322,250648,My legs still hurt.,ජල්කනි ඔවන් තවමත් කිපිට්.
67352,250680,He is my brother.,Hän on minun veljeni. | Hän on veljeni.
67692,251060,Answer me.,Vastaa minulle.
68451,251884,Where's my book?,මිසා on kirjani?
68790,252254,I played soccer yesterday.,Pelasin eilen jalkapalloa.
68808,252272,I have a car.,Minulla on auto. | Mul on auto.
68816,252280,I like castles.,Minä pidän linnoista.
68823,252287,I am a student.,Já jsem student. | Já olen student. | Mä oon student.
69426,252983,I don't drink much wine.,En juo paljon viiniä.
70203,253848,I have a computer.,Mám počítač.
70649,254335,I don't know how to spell the word.,| En osaa luetella tätä sanaa kirjain kirjaimelta.
71093,254847,I'm glad to hear that.,Sepä mukava kuulla.
71253,255034,I like chocolate.,| Pidän suklaasta. | Pidän suklaasta.
71273,255055,I hid under the table.,Menin piiloon pöydän alle.
71297,255080,I like tennis.,縣治天台。
71529,255340,I'd like to live in New York.,නිව් යෝර්ක්සිසා වල නිව් යෝර්ක්සිසා වල.
71804,255644,I'm happy to see you again.,Onpa kiva మీరు మళ్ళీ చూడటానికి.
71867,255717,I gave Mary a book.,Annoin Marille kirjan.
72048,255926,I like to eat apples.,Syön mielelläni omenoita. | Syön mielelläni mangia omenoita.
72156,256043,I bought a book.,ഓസ്റ്റിൻ ലൈസന്.
72280,256178,I can swim.,ඔසාන් වුයිඩා.
72329,256236,I study English.,Minä opiskelen englantia. | Opiskelen englantia.
72890,256891,I like fish.,| Pidän kalasta. | Pidän kalasta.
72970,256982,I'm going to the bank.,Olen menossa bankain. | Menen bankain. | lähden bankain.
73077,257112,I like your car.,Pidän autostasi. | Pidän autostasi.
73078,257113,I need your help.,Tarvitsen apuasi. | Minä tarvitsen apuasi.
73156,257204,I'm married.,Olen naimisissa. | Minä olen naimisissa.
73213,257266,I have lost my key.,Olen hävittänyt avaimeni. | Olen kadottanut avaimeni.
73426,257499,I'm on vacation.,Olen lomalla.
73674,257783,He wrote a letter yesterday.,他昨天写了一封信.
73698,257809,I was busy yesterday.,"”“我昨天很忙,” “我昨天很忙,” “我昨天很忙,” “我昨天很忙,” “我昨天很忙,” “我昨天很忙,” “我昨天很忙,” “我昨天很忙,” “我昨天很忙,” “我昨天很忙,” “我昨天很忙,” “我昨天很忙,” “我昨天很忙,” “我昨天很忙,” “我昨天很忙,” “我昨天很忙,” “我昨天很忙,” “我昨天很忙,” “我昨天很忙,” “我昨天很忙,” “我昨天很忙,” “我昨天很忙,” “我昨天很忙,” “我昨天很忙,” “我昨天很忙,” “我昨天很忙,” “我昨天很忙,” “我昨天很忙,"
73707,257819,I retired last year.,Jäin గత సంవత్సరం eläkkeelle.
74284,258457,I wrote a letter.,കർജോട്ടിൻ കർജിൻ.
74510,258713,I laughed.,നൌരോയിൻ.
74564,258769,I overslept.,Nukuin pommiin.
74638,258845,I know the truth.,Já tiedän totuuden. | Vím totuuden.
74773,258994,I'm not a student.,Minä en ole opiskelija.
74799,259020,I have a new red car.,Minulla on uusi punainen auto.
74809,259030,I've lost my ticket.,| Olen kadottanut lippuni. | Olen hävittänyt lippuni.
74823,259045,I was in London last month.,Byla jsem v Londýně poslední kuussa.
74847,259069,I am a teacher.,Olen Lehrer. | Já olen Lehrer.
74848,259070,I am not a teacher.,എന് ole ടീച്ചര്.
74945,259190,I run.,Já běžen. | Juoksen.
74984,259233,I'm proud of my son.,Olen ylpeä pojastani.
75037,259288,I'm healthy.,Jsem terve.
75155,259413,I'm afraid of earthquakes.,Minä pelkään maanjäristyksiä.
75470,259747,I love reading books.,Já miluju číst knihy. | Rakastan číst knihy. | Já miluju číst knihy. | Rakastan číst knihy.
75593,259880,I do not have a cat.,Minulla ei ole kissaa.
76817,261221,I love her.,Rakastan häntä. | Já milujen häntä.
77052,261477,I'm poor.,Olen köyhä.
77065,261490,I've never climbed Mt. Fuji.,En ole niekada kiivennyt Fuji-vuorelle.
77275,261721,I'm busy.,വേഗത്തില് വരൂ.
77387,261849,I run every day.,Juoksen joka päivä.
77726,262220,I live with my parents.,| Asun vanhempieni kanssa. | Asun vanhempieni luona. | Mä asun mun vanhempien luona.
77743,262240,I like apples.,^ a b c d e f g | 神話の魔術師。
77810,262315,I broke my arm.,Mursin käteni. | Minun käteni murtui.
77834,262339,"I think so, too.",Jákin olen sitä mieltä. | Jákin luulen niin. | Niin minustakin.
77908,262424,Please help me.,ഓട്ടീസ്കോ?
78717,263406,Poets write poems.,Runoja is writing runoja.
79144,263886,Time flies.,Aika rientää.
79970,264824,Respect yourself.,| Kunnioita itseäsi. | Kunnioittakaa itseänne.
80319,265233,What actually happened?,| What itse asiassa happened?
80482,265406,I wish I had a car.,Olisipa minulla auto. | Voi kunpa minulla olisi auto.
80569,265500,Drive carefully.,| Aja varovaisesti. | Aja varovaisesti.
80570,265501,Do you know how to drive a car?,Osaatko ajaa autoa? | どうやってautolla ajetaan?
81054,266051,Can I help?,Saanko help? | Voinko help?
81063,266065,Help me.,Auta minua. | Auttakaa minua.
81369,266400,Practice makes perfect.,Harjoitus dělá mestarin.
81701,266790,Get out!,Ulos täältä! | Häivy!
82881,268087,Get down!,මාහාන්!
83562,268828,Unbelievable!,Uskomatonta!
84767,270147,Are you kidding?,Is this joku vitsi? | Et oo tosissas.
86352,271901,Try hard.,Try hard. | Yrittäkää kovasti.
86481,272043,Keep quiet.,Pysy hiljaa.
87954,273621,See above.,Katso yllä!
88018,273694,Everything went smoothly.,හැමදේම සිද්ද වෙනවා.
88107,273786,I have no idea.,Ei hajuakaan. | Ei aavistustakaan. | En kyllä tiedä yhtään.
88478,274210,Open the window.,विंडो खोलें. | विंडो खोलें. | विंडो खोलें. | विंडो खोलें.
88496,274237,Close the window.,windows. | windows. | windows. | windows.
89422,275276,I am exhausted.,Jsem uupunut. | Olen ihan poikki. | Olen ihan loppu. | Olen rättiväsynyt.
89857,275743,Are you all right?,Jsi v pořádku? | Je všechno v pořádku? | Je všechno v pořádku? | Je všechno v pořádku? | Je všechno ihan hyvin?
90203,276105,Is anybody here?,Je tu někdo? | Je tu někdo ketään? | Je tu někdo? | Je tu někdo?
90204,276106,Is somebody there?,Je tam někdo?
90373,276298,Is anybody home?,ගෙදරට යනවද?
90434,276369,Who knows?,Kuka tietää?
90652,276629,No one helped me.,Kukaan ei auttanut నాకు.
90948,276955,It's too expensive.,太贵了! 太贵了! 太贵了! 太贵了!
90985,276998,Ignorance is bliss.,Tieto lisää tuskaa. | Tietämättömyys on autuus.
91027,277046,Knowledge is power.,Tieto on valtaa.
91406,277466,Let me in.,විනාඩියක් ඇතුලට යන්න.
91640,277720,Stop talking.,Lopeta puhuminen.
91688,277773,Breakfast is ready.,Aamiainen on valmis.
92046,278174,Birds sing.,Linnut laulavat.
92080,278213,Birds fly.,Linnut lentävät.
92087,278220,Birds lay eggs.,Linnut munivat.
92373,278535,It's my brother's.,Se na veljeni.
92441,278606,Don't give up!,හෙලෝ! | Et saa antaa periksi.
92944,279153,Turn off the light.,| Laita valot pois päältä.
93063,279284,Answer the phone.,Vastaa puhelimeen.
93811,280125,My head aches.,මුන් සියේ කිපි වල.
93842,280162,Cool off!,റൌഹൂയിറ്റൂ!
94051,280393,Are you lost?,ඔයා eksynyt ද?
94219,280576,Are you single?,ඔයාද sinkku? | Oletko poikamies? | Ook sä sinkku? | Oletko sinä sinkku?
94881,281301,Have you decided to go to Japan?,നിങ്ങള് ജപ്പാന് പോകാന് തീരുമാനിച്ചോ?
95165,281606,Japan is a rich country.,リカス・マアの日本人。
95175,281616,Welcome to Japan.,සාදරයෙන් පිළිගන්නවා ජපානයන්.
95690,282197,Years passed.,| Vuosia kului.
95715,282225,I am eighteen years old.,Olen kahdeksantoistavuotias. | Olen kahdeksantoista.
95938,282462,My back still hurts.,Selkääni sattuu yhä.
96815,283413,Guess what he told me.,Arvaa mitä hän kertoi minulle. | Arvaa mitä hän kertoi minulle.
97008,283629,I like him.,^ a b c d e f g | ^ a b c d e g | ^ a b c d e g | ^ a c d e g | ^ a b c d e g | ^ a c d e g | ^ a g | ^ a g | ^ a g | ^ a g | ^ a g | ^ a g | ^ a g | ^ a g | ^ a g | ^ a g | ^ a g | ^ a g | ^ a g | ^ a g | ^ a g | ^ a g | ^ a g | ^ a g | ^ a g | ^ a g | ^ a g | ^ a g | ^ a g | ^ a g | ^ a g | ^ a g | ^ a g | ^ a g | ^ a g
98404,285184,Grab him.,එයාව අල්ලගන්න.
99624,286516,Forget him.,അവനെ പിടിക്ക്!
100128,287067,He has long legs.,Hänellä on pitkät jalat.
101076,288121,He has a dog.,| Silla on dog. | Silla on dog.
101119,288166,He tries.,Hän versuchen.
101596,288669,He is a DJ.,Он на DJ.
101885,288982,How old is he?,Minkä ikäinen hän on? | How old hän on?
102029,289132,He is always with me.,Hän on aina kanssani.
102666,289812,He doesn't like coffee.,| Hän ei pidä kahvista. | 彼はコーヒーを飲んでいる。
102873,290025,He likes playing soccer.,Hän pitää fotboll pelaamisesta.
103154,290321,He accelerated.,Hän kiihdytti.
104354,291622,He eats a lot.,Hän syö paljon.
104393,291665,He decided to quit smoking.,Hän päätti lopettaa tupakoinnin.
104582,291872,He played tennis.,Hän pelasi tennistä.
104778,292088,He's very ill.,Hän on tosi sairas.
105129,292468,He became a pianist.,Hänesta tuli pianisti.
105267,292619,He can also speak French.,| Hän osaa myös puhua ranskaa.
106651,294141,He was afraid of his wife.,Hän pelkäsi vaimoaan.
107427,294993,He knows a lot of people.,Má hodně lidí.
107699,295297,He's strong.,Hän on strong.
107748,295346,He is a teacher.,Hän on teacher. | Se on ope. | Hän on ope.
107795,295395,He fell backward.,Hän kaatui taaksepäin.
108019,295648,He's stronger than you.,එයා ඔයාව vahvempi මත තියාගන්නවා.
108606,296292,He works in a factory.,එයා වැඩකරනවා. එයා වැඩකරනවා.
108608,296294,He is happy.,Hän on onnellinen.
109160,296902,He died yesterday.,他昨天睡着了。
109766,297564,He lied to me.,Hän valehteli minulle.
110193,298043,He speaks English better than I do.,他比我更说英语了。
110575,298463,He tried to kill himself.,Hän yritti tappaa himself.
110579,298467,He committed suicide.,Hän teki itsemurhan.
111763,299788,He is eating.,| Hän syö parhaillaan. | Hän syö parhaillaan.
111790,299819,Is he sleeping?,| Nukkuuko hän? | Nukkuukse? | Is he nukkumassa?
111946,299984,He told the truth.,Hän sanoi totuuden.
113611,301814,He's talking on the telephone.,Hän puhuu puhelimessa.
114148,302395,He is not stupid.,Hän ei ole tyhmä.
114157,302406,Is he tall?,එයා දිගද?
114194,302443,He is a friendly person.,"ഹലോ, ചേട്ടാ."
115351,303714,He likes adventure.,Hän pitää seikkailusta.
115573,303959,He is asleep.,ഹാൻ nukkuu.
115912,304339,He's an excellent brain surgeon.,Hän na erinominen aivochirurgie.
116868,305382,They are actors.,එයා රූගත කලා.
116995,305514,They don't always obey their parents.,එයා හැමතිස්සෙම ගෙදරට එන්නෙ නෑ.
117401,305951,They hated Tom.,അവന് ടോമിയയെ വഷളിച്ചു.
118204,306813,They went to Chicago by car.,එයා චිකාගෝ වල ඕටෝලා වලට ගියා.
118642,307284,Are they Japanese?,ഇവന് ജപ്പാന് കാര് ആണോ?
119825,308580,She opened the door.,Hän avasi trouba.
121111,309976,She tried.,Hän yritti.
121341,310214,She is eight.,8 വര് ഷമായി.
121613,310506,When was she born?,Milloin hän syntyi? | Milloin hän on syntynyt?
122819,311795,She is very intelligent.,එයා ඇත්තටම බුද්ධිමත්.
122851,311828,She loves Tom.,Hän rakastaa Tomia.
122914,311898,She smiled.,Hän hymyili.
123110,312110,She can speak French.,Hän osaa ranskaa. | Hän osaa puhua ranskaa.
123125,312125,Does she speak French?,Puhuuko hän ranskaa?
123168,312168,She is my girlfriend.,| Se on mun tyttöystävä.
123555,312575,She worked hard.,Hän teki kovasti töitä.
123811,312850,She went home.,Hän meni kotiin.
124038,313091,She almost drowned.,එයා කම්මැලි වුනා.
124133,313193,She cried.,Hän itki.
124299,313373,Does she know you?,Tunteeko hän sinut?
125133,314287,She sat next to me.,Hän istui viereeni.
126464,315731,Who is she?,Kuka hän న?
126944,316246,She married him.,Hän nai hänet.
127156,316478,She wanted to help them.,Chtěl jim pomoct.
127208,316540,She looks sad.,Hän näyttää surulliselta.
127209,316541,She looked sad.,"Zdálo se, že je to surulliselta."
127559,316925,She walks.,| Se kävelee.
128303,317756,Don't be sad.,Neboj se. - Jistě.
128371,317830,Are you tired?,നിങ്ങള് ക്ഷീണിച്ചോ?
130313,319990,I know.,| Minä tiedän.
130613,320329,That's weird.,| Sepä outoa. | Sepä omituista. | Sepä kummallista.
130674,320395,Study!,Opiskele!
131189,320948,I'm breast-feeding my baby.,ഇമെതാൻ ലാസ്റ്റാനി.
131519,321324,It's not my fault.,Se ei ole minun vikani.
131613,321441,Tell me the truth.,Sano minulle totuus. | Kerro minulle totuus.
131614,321442,Leave it to me.,Jätä se minun huolekseni. | Já hoidan sen! | Anna kun minä hoidan sen!
131654,321497,Do you love me?,क्या तुम मुझे चिल्लाते हो? क्या तुम मुझे चिल्लाते हो? क्या तुम मुझे चिल्लाते हो? क्या तुम मुझे चिल्लाते हो? क्या तुम मुझे चिल्लाते हो? क्या तुम मुझे चिल्लाते हो?
131743,321599,I have three cameras.,Mám tři kameraa.
131805,321673,I'm so happy.,Olen niin onnellinen.
131829,321700,I have to go now.,Musím jít teď. | Teď minun musí odejít. | Musím jít teď. | Musím jít teď. | Musím jít teď. | Musím odejít teď. | Musím odejít teď.
131945,321846,I have a dictionary.,| Mulla on sanakirja. | Mulla on sanakirja.
131948,321849,I have two cars.,Mám dvě autoa.
131954,321857,I looked around me.,Katselin ympärilleni.
131964,321870,I want to sleep.,Haluan nukkua.
132036,321954,I have a cold.,Olen vilustunut. | Minulla on nuha.
132064,321985,"Me, too.",Niin minäkin. | Minäkin. | Minä samuti.
132082,322004,When can we eat?,Miloin mě voimme jíst?
132232,322178,Many thanks.,Thank you very much! | Suurkiitokset! | Thank you very much.
132630,322631,Fill it up.,"Tankki täyteen, díky!"
132811,322841,Is it free?,ایا دا وړیا ده؟ | څه پیسې ورکول کیږي؟ | څه پیسې ورکول کیږي؟ | ایا دا وړیا ده؟
133456,323576,Wood burns.,Puu palaa.
133584,323728,My eyes are sore.,வார்ப்புரு:Silmäni ovat kipeät. | Minulla on silmät kipeät. | Silmiani aristaa.
133619,323770,Keep your eyes open.,Pidä silmäsi auki. | Ole varovainen. | Olehan varovainen.
133631,323789,Don't shut your eyes.,අනේ බලන්න.
134223,324442,Ghosts exist.,Haamuja on olemassa. | Kummituksia on olemassa.
134290,324520,Let's play.,| Soitetaan. | Pelataan.
134514,324760,Don't eat too much.,ඔච්චර කන්න එපා.
134619,324880,The leaves fell.,Ne noviny putosivat. | Lehdet putosivat.
134720,324997,Please come.,Ole kiltti ja tule. | Tulethan?
135109,325429,Stand up!,අපි නැගිටින්න. අපි නැගිටින්න. අපි නැගිටින්න.
135175,325503,The dragon is an imaginary creature.,Lohikäärme auf imaginatusolento.
135200,325529,Do you like to travel?,ایا تاسو د سفر کولو څخه خوښ یاست؟ | که چیرې تاسو سفر کوئ؟ | که چیرې تاسو سفر کوئ؟
135422,325769,The food is cold.,Essen auf coldä.
135739,326126,History repeats itself.,Historie toistaa sama sebe.
137296,327777,I bought a red tie.,Ostin punaisen solmion.
138103,328604,Fuck you!,හයිස්ට විටූ!
139102,329612,Which country are you from?,ඔයා කොහෙන්ද ආවේ?
139173,329684,This newspaper is free.,دا lehti on وړیا. | دا sanomalehti on وړیا. | دا on ilmaisjakelulehti.
139202,329713,Good morning!,おめでとうございます! | Huomenta!
139323,333156,Good evening.,Dobre iltaa. | Iltaa.
139329,335138,I am Chinese.,| Mä oon kiinalainen.
139401,341634,I have many friends.,Mám hodně ystäviä.
139413,347331,Who is he?,Kuka hän న?
139463,348091,Come in.,| Tulkaa sisään.
139472,348596,I'm pregnant.,Olen raskaana.
139476,349064,I don't know.,குறிப்பாக: குறிப்பாக: குறிப்பாக: குறிப்பாக: குறிப்பாக: குறிப்பாக: குறிப்பாக: குறிப்பாக: குறிப்பாக: குறிப்பாக: குறிப்பாக: குறிப்பாக: குறிப்பாக: குறிப்பாக: குறிப்பாக: குறிப்பாக: குறிப்பாக: குறிப்பாக: குறிப்பாக: குறிப்பாக: குறிப்பாக: குறிப்பாக: குறிப்பாக: குறிப்பாக: குறிப்பாக: குறிப்பாக: குறிப்பாக: குறிப்பாக: குறிப்பாக: குறிப்பாக: குறிப்பாக:
139564,354379,I like cats.,Pidän kissoista. | MäØRn kissoista. | Minä pidän kissoista.
139593,355041,"Happy birthday, Muiriel!","සුභ උපන්දිනයක්, මෝරියල්!"
139615,356200,Who are you?,कौन है आप? कौन है आप? कौन है आप?
139643,357919,"I would love to write hundreds of sentences on Tatoeba, but I've got things to do.","Norėčiau rašyti sadoittain lauseita Tatoebaan, bet minulla on muuta tekemistä."
139655,358152,Nobody is perfect.,Kukaan ei ole täydellinen.
139668,360558,See you later!,(பிபிபிசி) தி இந்து: தி இந்து: தி இந்து: தி இந்து!
139676,361350,Happy New Year!,நல்வாழ்த்துக்கள்! நல்வாழ்த்துக்கள்! நல்வாழ்த்துக்கள்!
139679,361576,Achoo!,Atsii!
139696,362737,I play the violin.,Minä soitan viulua.
139767,367935,I am a vegetarian.,Olen kasvissyöjä.
139815,370580,My wife is a doctor.,Vaimoni na lékaři.
139824,370607,He raised his hand.,| Hän nosti kättaan. | Hän nosti kättaan.
139846,370687,I love Arabic.,රාකාස්ටන් ආරාබියා.
139848,370703,Where are you from?,"""உங்களது தந்தையாரின் தந்தையாரின் தந்தையாரின் தந்தையாரின் தந்தையாரின் தந்தையாரின் தந்தையாரின் தந்தையாரின் தந்தையாரின் தந்தையாரின் தந்தையாரின் தந்தையாரின் தந்தையாரின் தந்தையாரின் தந்தையாரின் தந்தையாரின் தந்தையாரின் தந்தையாரின் தந்தையாரின் தந்தையாரின் தந்தையாரின் தந்தையாரின் தந்தையாரின் தந்தையாரின் தந்தையாரின் தந்தையாரின் தந்தையாரின் தந்தையாரின் தந்தையாரின் தந்தையாரின் தந்தையாரின் தந்தையாரின் தந்தையாரின் தந்தையாரின் தந்தையாரின் தந்தையாரின் தந்தையாரின் தந்தையாரின் தந்தையாரின் தந்தையாரின் தந்தையாரின் தந்தையாரின் தந்தையாரின் தந்தையாரின் தந்தையாரின் தந்தையாரின் தந்தையாரின் தந்தையாரின் தந்தையாரின் தந்தையாரின் தந்தையாரின் தந்தையாரின் தந்தையாரின் தந்தையாரின் தந்தையாரின் தந்தையாரின் தந்தையாரின் தந்தையாரின் தந்தையாரின் தந்தையாரின் தந்தையாரின் தந்தையாரின் தந்தையாரின் தந்தையா"
139850,370708,Where do you live?,क्या है? क्या है?
139910,371410,He is sick.,例如:He on sairas. | Hän voi pahoin. | Hän on kipeä. | Hän on kipeänä. | Hän on sairaana.
139919,371429,There's a monster under my bed.,Sänkyni alla on hirviö. | Mun sängyn alla on hirviö.
139995,372015,What do you want to eat?,Что ты хочешь есть? | Что ты хочешь есть?
140020,372352,What is your blood type?,ستاسو په رښتینې ډلې څه شی دی؟
140040,372460,Cats don't like water.,Kissat eivät pidä vedesta.
140062,373215,Are you serious?,Ideal vakavissaan? | Ar tikrai? | Ar tikrai? | Ar tikrai? | Ar tikrai?
140063,373216,Really?,क्या आप जानते हैं? | आप जानते हैं? | आप जानते हैं? | आप जानते हैं? | आप जानते हैं? | आप जानते हैं? | आप जानते हैं? | आप जानते हैं? | आप जानते हैं? | आप जानते हैं? | आप जानते हैं? | आप जानते हैं? | आप जानते हैं?
140102,373320,How are you?,क्या है? | कैसे चलता है? | तुम्हारे पास क्या है? | कैसे हो सकता है? | कैसे हो सकता है? | कैसे हो सकता है? | कैसे हो सकता है? | कैसे हो सकता है? | कैसे हो सकता है? | तुम्हारे पास क्या है?
140104,373330,Hello!,හෙයි! හෙයි! Moi! terve! Heippa! Moikka! Moro! Haloo? Morjesta!
140144,374827,Thank you!,Thank you! | Kiitoksia!
140199,376610,I do not understand.,En ymmärrä. | Minä en ymmärrä.
140200,376611,I don't understand.,En ymmärrä. | Minä en ymmärrä.
140288,378270,Do you speak English?,ایا تاسو په انګلستان کې یاست؟ | آیا تاسو په انګلستان کې یاست؟ | آیا تاسو په انګلستان کې یاست؟ | آیا تاسو په انګلستان کې یاست؟ | آیا تاسو په انګلستان کې یاست؟ | آیا تاسو په انګلستان کې یاست؟ | آیا تاسو په انګلستان کې یاست؟
140299,378502,I have a dog.,බල්ලෙක්ට කරදරයක්.
140341,379143,Do you want to go?,Tahdotko mennä? | Haluatko mennä?
140552,386704,I am a man.,Já olen mies. | Olen mies.
140559,386729,Do you like music?,ایا موسیقۍ خوښوي؟ | ایا تاسو موسیقۍ خوښوي؟ | ایا موسیقۍ خوښوي؟ | ایا تاسو موسیقۍ خوښوي؟
140564,386734,He likes oranges.,Hän pitää appelsiineista.
140579,386766,Tomorrow is Christmas.,Na Vánoce v Huomennu.
140606,387411,It's a little cold today.,Dnes on vähän kylmä. | Dnes on melko kylmä. | Dnes ei ole kauhean cold.
140621,387427,Let's begin.,Aloitetaan.
140622,387428,Let's start!,Aloitetaan!
140631,387437,I have a high fever.,Mám on korkea heate. | Mám on kova heate. | Mám on paljon heatetta.
140864,388374,She hated her husband.,Hän vihasi aviomiestään.
141043,388834,He likes watching TV.,Hän pitää TV katselusta.
141078,388869,We are men.,My jsme muži.
141085,388890,What's she doing?,What does he do? | What does he do on tekemässä?
141096,388978,He can read well.,එයාට හොඳට කියවන්න පුලුවන්.
141316,391906,He loves traveling.,Hän rakastaa matkustamista. | Hän rakastaa reissaamista.
141375,392296,Finally!,Lopultakin!
141425,393357,Please.,Olkaa kiltti. | Olkaa niin kiltti. | Ole kiltti. | Ole niin kiltti. | Jookos? | Jooko? | Joohan?
141456,393812,"All animals are equal, but some animals are more equal than others.","Eläimet ovat tasavertaisia, bet toiset ovat tasavertaisempia nei toiset."
141549,394633,He loves her.,එයා එයාට ආදරෙයි.
141641,395036,I can't stand him.,| En voi sietää häntä. | En kestä häntä.
141651,395051,I know those girls.,Tunnen nuo Girls.
141811,395934,Great!,Upeaa! | Upeeta!
141972,397714,I am tired.,Minua väsyttää. | Minua väsyttää! | Mua väsyttää!
142052,398513,I'm just kidding.,Minä vain pilailen.
142132,399205,He's smart.,例如:
142143,399354,Are you alone?,നീ ഒറ്റയ്ക്കാണോ?
142218,400184,What do you want to drink?,මොනාද කලු වෙන්න ඕනේ?
142220,400191,What would you like to eat?,Was möchten Sie nicht essen? | Was möchten Sie nicht essen? | Was möchten Sie nicht essen? | Was möchten Sie essen?
142259,400395,Speaking English isn't easy.,ඉංග් රීසි කතාminen ei ole helppoa.
142573,403063,Do you understand?,മനസ്സിലായോ?
142683,404046,I'm at home.,Olen kotona. | Minä olen kotona.
142692,404096,I'm hungry!,Já olen nälkäinen. | Minulla on nälkä. | Minulla on nälkä! | Mullon nälkä! | Mulla on nälkä!
142693,404098,Do you understand what I'm saying?,நான் என்ன பேசுகிறேன் என்பதைப் புரிந்து கொள்கிறேன்? | என்ன பேசுகிறேன் என்பதைப் புரிந்து கொள்கிறேன்? | என்ன பேசுகிறேன் என்பதைப் புரிந்து கொள்கிறேன்? | என்ன பேசுகிறேன் என்பதைப் புரிந்து கொள்கிறேன்? | என்ன பேசுகிறேன் என்பதைப் புரிந்து கொள்கிறேன்? | என்ன பேசுகிறேன் என்பதைப் புரிந்து கொள்கிறேன்? | என்ன பேசுகிறேன் என்பதைப் புரிந்து கொள்கிறேன்?
142767,405518,"You can do it, can't you?",നിനക്കത് ഇഷ്ടമല്ലേ?
142782,405764,He's eating an apple.,| Hän syö yhden omenan. | Hän syö omenan.
142783,405766,She's eating an apple.,Hän syö omenaa.
142784,405767,They're eating apples.,On syövät omenoita.
142785,405769,We're eating apples.,Já syömme omenoita.
142860,406604,Tom is my friend.,Tom na minun ystäväni.
142915,407574,I missed you.,Kaipasin jus. | Aš buvau jums nemalonus.
143005,408293,What's your name?,कौन है तुम्हारा नाम? | कौन है तुम्हारा नाम? | कौन है तुम्हारा नाम? | कौन है तुम्हारा नाम? | कौन है तुम्हारा नाम? | कौन है तुम्हारा नाम? | कौन है तुम्हारा नाम?
143134,410244,She is beautiful.,Hän on kaunis.
143186,410529,She likes oranges.,Hän pitää appelsiineista.
143204,410597,Wait a moment.,Odota Hetki. | Odota vähän.
143227,410779,Am I wrong?,Ar esu neteisingas? | Ar esu kilęs? | Erehdynkö? | Ar esu neteisingas?
143228,410780,We need your help.,എനിക്ക് സഹായം വേണം.
143316,411238,I can't remember his name.,இவரது பெயர் | | | | | | | |
143324,411285,I'll pay.,Já hoidan laskun. | Já tarjoan. | Já maksan.
143344,411667,You're right.,Olet oikeassa.
143440,412026,I was a student at that time.,Byla jsem do té doby studentkou.
143498,413058,Are you married?,Ar esate naimisissa? | Ooksä naimisis?
143529,413611,No problem!,හේ hätää! | Ilman muuta!
143534,413731,"One, two, three, four, five, six, seven, eight, nine, ten.","1, 2, 3, 4, 5, 6, 7, 8, 9, 10, 11, 12, 13, 14, 15, 16, 17, 18, 19, 20, 21, 22, 23, 24, 25, 26, 27, 28, 29, 30, 31, 32, 33, 34, 35, 36, 37, 38, 39, 40, 41, 42, 43, 44, 45, 46, 47, 48, 49, 50, 51, 52, 53, 54, 55, 56, 57, 58, 59, 60, 61, 62, 62, 63, 64, 65, 66, 67, 68, 69, 70, 69, 70, 71, 72, 73, 74, 75, 84, 85, 86, 87, 89, 90, 91, 92, 93, 94, 95, 96, 97, 97, 98, 96, 97, 98, 97, 98, 98, 99, 102, 103, 104, 105"
143539,413767,Come home.,Tule kotiin.
143548,413820,"Good evening, how are you?","සුභ සන්ධ් යාවක්, මොනාද වෙන්නේ?"
143549,413821,What's this?,What's this on? | What's this on?
143557,413831,I live near here.,Asun täällä lähellä.
143781,416367,Where are you going?,"""நீங்கள் எங்கு செல்கிறீர்கள்? எங்கு செல்கிறீர்கள்? எங்கு செல்கிறீர்கள்? எங்கு செல்கிறீர்கள்? எங்கு செல்கிறீர்கள்? எங்கு செல்கிறீர்கள்? எங்கு செல்கிறீர்கள்? எங்கு செல்கிறீர்கள்?"
143902,417801,My eyes hurt.,| Minun silmiini sattuu.
143905,417891,I have a sore throat.,Minulla on kurkku kipeä. | Mun kurkku on kipee.
143935,418475,You idiot!,നായിന്റെ മോനെ!
144218,424848,I know her.,Tunnen hänet.
144290,425148,We often play chess.,Já pelaamme často shakkia.
144443,426950,Good night!,සුභ රාත් රියක්!
144560,428402,What time is it?,Co se děje?
144791,430925,She is dead.,Hän on kuollut.
144819,431539,I'm bored.,tylsää న Minulla.
144848,432340,I was a teacher.,Já jsem byl učitel.
144962,433423,What did you say?,क्या कहा था? | क्या कहा था? | क्या कहा था? | क्या कहा था? | क्या कहा था?
144965,433457,God exists.,अल्लाह का अस्तित्व है।
144967,433468,I understand.,Ymmärrän.
144968,433472,I got it.,Ymmärsin.
144975,433491,Go away.,Häivy! | Ala jo painella! | Ala painella!
144976,433492,Of course.,| Totta kai.
144982,433502,Don't move.,ඉක්මනට! Liikkumatta!
144984,433504,Excuse me.,"Promiňte, že häiritsen. | Promiňte, mohu vás obtěžovat. | Promiňte."
144986,433510,Wonderful!,Upeaa! | hienoa! | Mahtavaa! | Loistavaa!
144987,433511,Fantastic!,Fantastista! | hienoa!
144993,433518,Go away!,கர்ப்பர்: கர்ப்பர்! கர்ப்பர்! கர்ப்பர்! கர்ப்பர்! கர்ப்பர்! கர்ப்பர்! கர்ப்பர்! கர்ப்பர்! கர்ப்பர்!
145014,433594,Try it again.,තව පාරක් උත්සහ කරන්න. තව පාරක් උත්සහ කරන්න. තව පාරක් උත්සහ කරන්න.
145027,433613,I have no money.,Minulla ei ole rahaa.
145028,433614,I don't have any money.,Nemám peníze. | Nemám žádné peníze. | Nemám na matti kukkarossa. | Nemám pennin hyrrää. | Nemám latinské latinky. | Nemám úplně rahaton.
145061,433669,Do you have a fever?,Máš horečku?
145065,433675,I'm serious.,Olen tosissani.
145067,433680,That's enough.,ඔහ්! ඔහ්!
145070,433689,Did you call?,നിനക്കെന്താ പ്രശ്നം?
145093,433730,Of course!,Tietenkin! | Tietysti! | Totta kai! | Kaikin mokomin! | No tietty!
145099,433745,Don't worry about it.,ඒ ගැන වද වෙන්න එපා!
145100,433754,Follow him.,Seuraa häntä.
145112,433809,I'm very hungry.,Mám na kova nälkä.
145121,433849,Speak clearly.,Puhu selvästi.
145123,433859,I've had enough.,ඔහ්! ඔහ්!
145124,433863,I'm full.,Jsem plná.
145218,434224,Anything else?,Mitään muuta؟
145227,434242,Are you hungry?,| | | | | | | | | | | |
145232,434258,Are you thirsty?,Ar jums jano? | Ar teillä jano?
145302,434410,Can you help me?,Voitko hilft mir? | Voitteko hilft mir?
145324,434458,Come with me.,| Tule mukaani.
145430,434680,Enough!,Riittää! | Nyt riittää!
145562,434964,He likes to swim.,Hän pitää uimisesta.
145620,435084,Help!,අපු! | අපු! | ඔටුටාකා!
145653,435199,Did something happen?,Tapahtuiko something? | Sattuiko something?
145671,435279,Whose turn is it?,Kenen vuoro on? | Kenen vuoro?
145685,435409,It's too big.,Se on liian iso.
145711,435575,Calm down.,இத்தகைய விலங்குகள்: விலங்குகள்: விலங்குகள்: விலங்குகள்: விலங்குகள்: விலங்குகள்: விலங்குகள்: விலங்குகள்: விலங்குகள்: விலங்குகள்: விலங்குகள்: விலங்குகள்: விலங்குகள்: விலங்குகள்: விலங்குகள்: விலங்குகள்: விலங்குகள்: விலங்குகள்
145735,435647,He can also speak Russian.,එයාට කතා කරන්නත් පුළුවන්.
145751,435750,That's a good question.,Tuo on hyvä kysymys.
145754,435754,Has something happened?,Czy coś się stało? | Czy coś się stało?
145763,435772,Life is fun.,Жизнь на удовольствие.
145785,436096,Fuck off!,」 」 」 」 」 」 」 」 」 」 」 」 」 」 」 」 」 」 」 」 」 」 」 」 」 」 」 」 」 」 」 」 」 」 」 」 」 」 」 」 」 」 」 」 」 」 」 」 」 」 」 」 」 」
145852,436243,How old are you?,எவ்வாறு முதிர்ச்சியடைந்தது? | எவ்வாறு முதிர்ச்சியடைந்தது? | எவ்வாறு முதிர்ச்சியடைந்தது? | எவ்வாறு முதிர்ச்சியடைந்தது?
145866,436275,I am tall.,Olen pitkä.
145869,436281,I agree.,Olen samaa mieltä.
145935,436423,I am ready.,Olen valmis.
145944,436445,I am too short.,Jsem příliš krátký.
145987,436541,I don't know what to say.,"Já vím, co řeknu. | Já vím, co řeknu."
146366,438930,Where are my glasses?,Missä lasini ovat?
146367,438940,We are happy.,We are happyia. | Me we are happyia.
146452,441955,It was a terrible day.,| Se oli kauhee päivä. | Se oli kauhee päivä.
146472,442064,Who drew it?,Kuka piirsi sen?
146478,442109,Prices went up.,ഹിനറ്റ് നൂസിവറ്റ്.
146484,442130,That's a good idea.,Tuo on hyvä ajatus. | Sepä vasta hyvä idea. | Hyvä ajatus!
146503,442957,Please open the bottle.,Voisitko avata pullon?
146505,442964,That's not fair.,Tuo ei ole reilua. | Se ei ole reilua. | Se on epäreilua.
146552,444986,I live here.,"」 「我在这里,我在这里,我在这里,我在这里,我在这里。"
146610,448320,Stop!,Lopeta! | Seis! | Pysähdy!
146659,448963,It's snowing.,සාටා මුදුව.
146671,449023,No one knows.,Kukaan ei tiedä.
146672,449029,Catch him.,එයාව අල්ලගන්නවා. එයාව අල්ලගන්නවා. එයාව අල්ලගන්නවා. එයාව අල්ලගන්නවා.
146687,449095,Do you drink coffee?,Juotko kavos? | Juotko sinä kavos? | Juotteko te kavos? | Juotteko kavos?
146688,449105,I eat here.,Syön aquí. | Syön tässä.
146692,449111,Your dog is here.,Koirasi on täällä.
146694,449118,This is your key.,Tai on your avaimesi. | Tää on sun avain.
146709,449699,What should I do?,මොනාද මම කරන්න ඕනේ?
146725,450074,Come if you can.,"Tule, jos voit. | Tule, jos pystyt."
146778,451212,She has few friends.,Hänellä on harvoja ystäviä.
147019,453219,Happy birthday!,සුභ උපන්දිනයක්!
147057,453394,Love is blind.,Rakkaus on sokea. | Rakkaus on sokeaa.
147078,453418,I ordered two hamburgers.,तिलसीन दो हाम्पुरीलासा
147352,454490,I don't know what to do.,En tiedä mitä tehdä.
147369,454514,"I think, therefore I am.","Ajattelen, siis olen."
147402,455290,What are you interested in?,Co tě to zajímá?
147586,456157,It was love at first sight.,Se oli rakkautta ensi silmäyksellä.
147623,456237,It's raining.,Sataa. | Sataa Wasser.
147677,456357,May I help you?,Kaip voin padėti?
147798,456627,Please speak more slowly.,Voisitko puhua hitaammin?
147840,456719,She is from France.,Он на kotoisin Francesta.
147894,457629,Hungry?,Onko nälkä?
147900,457741,I trust you.,ලූතන් සුනුන්.
147956,460021,My favorite color is red.,Punainen na minun lempivärini.
147971,460058,I lost my key.,Hukkasin avaimeni. | Hävitin avaimeni.
147996,460198,Crazy!,Hullu! | Hullua!
148175,461908,Where is your dog?,മീസ്സാ പട്ടിയുടെ കൂടെ?
148228,462430,Shut up!,குறிப்பாக: குறிப்பாக: குறிப்பாக: குறிப்பாக: குறிப்பாக: குறிப்பாக: குறிப்பாக: குறிப்பாக: குறிப்பாக: குறிப்பாக: குறிப்பாக: குறிப்பாக: குறிப்பாக: குறிப்பாக: குறிப்பாக: குறிப்பாக: குறிப்பாக: குறிப்பாக: குறிப்பாக: குறிப்பாக: குறிப்பாக: குறிப்பாக: குறிப்பாக: குறிப்பாக: குறிப்பாக: குறிப்பாக: குறிப்பாக: குறிப்பாக: குறிப்பாக: குறிப்பாக: குறிப்பாக: குறிப்பாக: குறிப்பாக: குறிப்பாக: குறிப்பாக: குறிப்பாக: குறிப்பாக: குறிப்பாக: குறிப்பாக:
148248,462476,Stay there.,Pysy siellä. | Pysykää siellä. | Jää sin. | Jääkää sin.
148271,462526,That hurts.,ടൂ സാട്ടു.
148296,462578,"The bill, please.","Lasku, kiitos. | Saisinko laskun."
148342,462670,The customer is always right.,Kunden auf aina oikeassa.
148756,464282,Turn around.,Käänny ympäri.
148760,464290,Turn right.,Käänny oikealle.
148778,464330,Wash your hands.,Peskää kätenne.
148881,464546,What do you need?,ඔයාට මොනවද ඕනේ? ඔයාට මොනවද ඕනේ? ඔයාට මොනවද ඕනේ?
148890,464566,What does this mean?,Co to znamená?
149029,466624,What's your phone number?,په جرمني کې د بهرنيو اسنادو رسمي کول
149039,466728,Please wait five minutes.,Odota pět minut. | Odottakaa pět minut.
149057,467339,Iron is a useful metal.,Rauta auf hyödyllinen metalli.
149075,467672,Where is your father?,നിനക്കെന്താ പറ്റിയത്?
149123,469126,She's my sister.,Hän on minun siskoni.
149256,472091,I study Korean.,Minä opiskelen koreaa.
149275,472431,I was wrong.,Olin väärässä.
149288,473177,"Hi, how are you?","terve, mitä kuuluu?"
149538,477061,No.,Ei.
149541,477086,Yes.,Yes. | Jaa. | Joo.
149667,478255,He closed the door.,Hän sulki trouba.
149694,478568,I have no friends.,Minulla ei ole ystäviä.
149808,481593,Are they friends?,Ovatko అతను ystäviä?
149868,482303,Where is my book?,Missä minun kirjani న?
149949,483350,Guns don't kill people. People kill people.,Aseet eivät tapa ihmisiä. Ihmiset tappavat ihmisiä.
150041,484648,Drive safely.,अज़ावारोविस्टी. अज़ावारोविस्टी. अज़ावारोविस्टी. ओले किल्टी अज़ावारोविस्टी.
150094,485099,Thanks anyway.,Díky kuitenkin.
150159,486448,I must go now.,Musím jít teď. | Teď minun musí odejít. | Musím jít teď. | Musím jít teď. | Musím jít teď. | Musím odejít teď. | Musím odejít teď.
150190,487006,Cheers!,Kippis! | Kiitos! | Kiitti! | Hölkynkölkyn!
150242,487828,Swimming is easy.,ഐസിയയിലെ യൂയിമൈൻ.
150457,493028,Do you know the answer?,നിനക്കറിയാമോ നിന് റെ മറുപടി?
150558,495717,I'm a journalist.,Já olen novinář.
150562,495838,Please close the door.,"Sulkisitko oven, kiitos. | Laittaisitko oven kiinni. | Voisitko sulkea oven? | Sulje ovi, kiitos."
150727,497969,See you tomorrow.,明日は明日。
150811,499689,Good afternoon.,සුභ දවසක්.
150828,499998,I'm just looking.,Minä vain katselen.
151264,506446,Don't worry.,(நபியே!) நீர் பார்த்தீரா? நீர் பார்த்தீரா? நீர் பார்த்தீரா? நீர் பார்த்தீரா? நீர் பார்த்தீரா? நீர் பார்த்தீரா? நீர் பார்த்தீரா? நீர் பார்த்தீரா?
151303,506948,Do you smoke?,Tupakoitteko? | Poltatko? | Poltatteko? | Poltatko sinä?
151505,508844,The dog is dead.,Koira na kuollut.
151757,513527,Tom was fired.,"汤姆被解雇了,汤姆被解雇了,汤姆被解雇了,汤姆被解雇了,汤姆被解雇了。"
151760,513534,He raised his hands.,Hän nosti kätensä.
151849,515472,That's life.,Se on elämää.
151862,515572,Are you Japanese?,あなたは日本人ですか? | あなたは日本人ですか? | あなたは日本人ですか?
151926,516321,Today is Monday.,ഇന്ന് തിങ്കളാഴ്ച.
151946,516601,He is poor.,Hän on köyhä.
151972,516745,Goodbye!,Hyvästi! | Näkemiin!
152040,518553,You may go.,Voit gehen. | Voit gehen. | Saat gehen.
152216,521667,It's a good question.,Se on hyvä kysymys.
152365,525267,"Tatoeba means ""for example"" in Japanese.",«Tatoeba» означает japaniksi «esimerkiksi».
152581,528455,She woke up.,Hän heräsi.
152677,529830,Don't tell anyone this.,මේ ගැන කියන්න එපා.
152752,530595,He ordered a beer.,| Hän tilasi oluen. | Hän tilasi kaljan.
152938,533100,Where is the most beautiful place in the world?,Wo ist der schönste Ort der Welt? | Wo ist der schönste Ort der Welt?
153004,533746,How's your mother?,ستاسو د مور څه شی دی؟
153176,535419,Do you have a cellphone?,നിനക്കെന്തെങ്കിലും അറിയാമോ?
153309,538123,Hi.,Hej. | Moro! | Terve.
153344,539017,He likes fishing.,Hän pitää kalastamisesta.
153938,551318,Why did you lie?,ඇයි ඔයා valehtelit?
153943,551443,No problem.,Eipä mitään.
154720,566026,Time is money.,Aika on rahaa.
154778,567368,I'm a student.,Minä olen opiskelija.
155238,576084,I hate Mondays.,തിങ്കളാഴ്ച കാണാം.
155418,580774,I'm a man.,Olen mies. | Minä olen mies.
155444,582309,I need help.,උදව් අවශ් යයි.
156353,607840,Go to hell!,Painu helvettiin! | Häivy! | Painu helvettii siitä!
156468,611372,We want complete sentences.,මට ඕනේ kokonaisia lauseita.
156481,611769,You don't need to call me.,Sinun ei tarvitse soittaa minulle.
156708,619636,Do you come here often?,Ar tu čia dažnai? | Ar tu čia dažnai?
157323,628213,Correct!,യോയിക്കൈൻ!
157327,628230,We agree.,हम एकमत हैं. हम एकमत हैं. हम एकमत हैं.
157419,630620,This novel is boring.,ഈ റോമാനാനി tylsä ပေါ်မှာ.
157445,631038,Jump.,Hyppää. | Hypätkää.
157606,634028,Do you speak Turkish?,Puhutko turkkia؟
157795,638544,Where is the train station?,Missä na vlakové stanici?
158135,647456,Bye!,නහään!
158594,661572,Today is Saturday.,ഇന്ന് ശനിയാഴ്ച.
159294,672229,He ran.,Hän juoksi.
159301,672252,You run.,பாலின விகிதம்: பாலின விகிதம்: பாலின விகிதம்: பாலின விகிதம்: ஆண் விகிதம்: பெண் விகிதம்: பெண் விகிதம்: பெண் விகிதம்: ஆண் விகிதம்: பெண் விகிதம்: பெண் விகிதம்: ஆண் விகிதம்: பெண் விகிதம்: பெண் விகிதம்: ஆண் விகிதம்: பெண் விகிதம்: பெண் விகிதம்: ஆண் விகிதம்: பெண் விகிதம்: பெண் விகிதம்: ஆண் விகிதம்: பெண் விகிதம்: பெண் விகிதம்: பெண் விகிதம்: ஆண் விகிதம்: பெண் விகிதம்: பெண் விகிதம்: பெண் விகிதம்: பெண் விகிதம்: பெண் விகிதம்: பெண் விகிதம்: பெண் விகிதம்: பெண் விகிதம்: பெண் விகிதம்: பெண் விகிதம்: பெண் விகிதம்: பெண் விகிதம்: பெண் விகி
159302,672254,He runs.,Hän laufene.
159304,672264,She runs.,Hän laufene.
163060,693617,Idiot!,വിഡ്ഢി!
163441,699465,I'm 18 years old.,Jsem 18 let starý. | Olen kahdeksantoista vuotta starý.
163557,702472,Colorless green ideas sleep furiously.,| | | | | | | | | | | | | | | | | | | | | | | | | |
163670,703304,We're neighbors.,Jsme naapureita. | Jsme naapureita. | Ollaan naapureita. | Jsme naapureita.
163907,706874,Happy Mother's Day!,සුභ උපන්දිනයක්!
164129,707526,Count to thirty.,இவற்றில் பெரும்பாலானவை விலங்குகளாகும். | | | | | | | | |
165980,740214,I am a woman.,Já olen nainen. | Olen nainen.
167003,757414,I'm listening to music.,Kuuntelen musika. | Mä kuuntelen musaa.
168429,785667,"You may write in any language you want. On Tatoeba, all languages are equal.",تاسو کولی شئ هر هغه ژبه چې غواړئ ولیکئ. Tatoebassa kaikki kielet ovat tasaveroisia. | تاسو کولی شئ هر هغه ژبه چې غواړئ ولیکئ. Tatoebassa kaikki kielet ovat tasa-arvoisia.
168951,794758,I am not a witch.,En ole noita.
171915,811376,He lives alone.,Hän asuu yksin.
172646,827295,I hate you.,Já nenávidím tebe. | Vihaan tebe. | Mä nenávian sua.
173753,847863,I'm always hungry.,Olen aina nälkäinen.
174179,854500,Get lost.,Häivy.
175014,870628,Please continue.,"Jatka, ole hyvä."
176212,881861,I don't have a cat.,Minulla ei ole kissaa.
176341,883062,Choose one.,valitse yksi.
177553,890415,Come!,| Tulka!
177627,891930,I want to die with Getter Jaani.,Tahdon kuolla Getter Jaanin kanssa.
178536,906328,Run!,Juokse! | Juoskaa!
179456,914029,What do you think?,මොනාද ඔයා හිතන්නේ?
180182,925077,It is too expensive.,Se on liian kallista. | Se on liian kallis. | Se maksaa příliš.
181016,943665,Hooray!,ඉක්මන් කරන්න!
181351,953107,Are you on Facebook?,Ar esate Facebookissa? | Ar esate Facebookissa? | Ar esate Facebookissa?
181446,953202,Do you like cooking?,നിനക്കെന്താ ഭക്ഷണം കഴിക്കണ്ടേ?
181468,953224,Do you think I'm stupid?,എന്നെ നിഷേധിക്കുന്നുണ്ടോ?
181530,953286,Have you eaten?,| あなたは食べたいですか? | あなたは食べたいですか?
181540,953296,Have you ever dyed your hair?,Heb je ooit je haren ingehuurd? | Heb je ooit je haren ingehuurd? | Heb je ooit je haren ingehuurd? | Heb je ooit je haren ingehuurd? | Heb je ooit je haren ingehuurd? | Heb je ooit je haren ingehuurd? | Heb je ooit je haren ingehuurd? | Heb je ooit je haren ingehuurd? | Heb je ooit je haren ingehuurd?
181601,953358,How was your summer?,Millainen oli kesäsi?
181609,953366,I ate too much.,Söin بہت زیادہ.
184000,982239,Do you like strawberries?,د لمانځه کوئ؟ | لمانځه کوئ یا نه؟ | لمانځه کوئ یا نه؟ | لمانځه کوئ یا نه؟ | لمانځه کوئ یا نه؟
184037,983650,This is a horse.,මේක on hevonen.
184118,987485,"Champagne, please.","Shamppanjaa, kiitos."
184160,990384,Grammar is very complicated.,Kielioppi dėl tikrai monimutkaista. | Kielioppi dėl tikrai mutkikasta.
184235,993268,He died recently.,Hän kuoli hiljattain.
184422,997880,I don't drink coffee.,En juo kavos. | Minä en juo kavos.
186312,1024693,Tom isn't here.,Tom ei ole täällä. | Tom ei ole paikalla. | Tomi ei ole täällä.
187666,1026051,Tom doesn't like cats.,Tom ei pidä kissoista. | トム・イ・ハリ・キッソスタ.
188288,1026675,Tom closed his eyes.,Tom sulki silmänsä.
188621,1027009,Tom blushed.,ടോം punastui.
190239,1028631,Tom hugged Mary.,ടോമി ഹലാസി മരിയ.
193352,1064331,It wasn't my fault.,| Se ei olnud minun vika. | Se ei ollut minun syytäni.
193634,1071653,Eat your soup before it gets cold.,మీరు jäähtyy కంటే ముందు మీరు keittosi eat.
193744,1075501,May I put it here?,هل يمكنني وضعها هنا؟ | هل يمكنني وضعها هنا؟ | هل يمكنني وضعها هنا؟ | هل يمكنني وضعها هنا؟ | هل يمكنني وضعها هنا؟ | هل يمكنني وضعها هنا؟ | هل يمكنني وضعها هنا؟ | هل يمكنني وضعها هنا؟ | هل يمكنني وضعها هنا؟ | هل يمكنني وضعها هنا؟
193745,1075502,We should always obey laws.,අපි හැමවෙලේම lakeja පිළිපදින්න ඕනා.
194256,1084522,I can't drink milk.,En voi juoda maitoa.
196963,1094582,Tom disappeared.,Tom katosi. | Tomi katosi. | Tomi hävisi.
199055,1098659,Read this.,| Lukekaa tämä. | Lukekaa tämä.
199703,1107280,The cat is black.,ముక్కు న కిస్సా.
200020,1110791,I'm afraid of heights.,Minulla on korkean paikan kammo. | Pelkään korkeita paikkoja.
200054,1111548,Hop in.,| Liity mukaan.
200881,1122514,I'm a woman.,Já olen nainen. | Olen nainen.
201009,1123763,Is she Japanese?,Je to japonec?
201363,1126684,Help me!,Auttakaa minua! | Auta minua!
203216,1151779,Today is Thursday.,ഇന്ന് വ്യാഴാഴ്ച.
203271,1152188,She is stubborn.,Hän on itsepäinen.
204054,1164341,Tom overslept.,ടോം nukkui pommiin.
206235,1194034,I'm not a doctor.,En ole doctorri. | En ole lääkäri. | Minä en ole lääkäri. | Minä en ole doctorri.
206742,1205289,Welcome to Tatoeba!,සාදරයෙන් පිළිගන්නවා Tatoebaan!
207737,1222816,Horses are animals.,Hevoset ovat eläimiä.
209573,1258802,Why did she do that?,ඇයි එයා එහෙම කලේ?
209642,1260118,He's in the kitchen.,Hän on keittiössä.
210112,1276135,This bird can't fly.,Tohle nemůžeš půjčit. | Tohle nemůže půjčit. | Tohle nemůže půjčit.
210140,1276904,I have already finished reading this book.,Olen jo lukenut tämän kirjan loppuun.
210311,1283955,That's a lie!,අනේ පස්සට වෙන්න!
210362,1285500,The apple doesn't fall far from the tree.,Ei omena kauas puusta putoa.
210564,1292208,Don't wait.,ඔටෝටා.
210887,1299275,Oh no!,Voi ei!
210992,1300736,Follow that car.,Seuraa tuota autoa. | Seuratkaa tuota autoa.
211002,1300804,I was at home.,Byl doma. | Já olin doma.
211013,1300904,"She has about 2,000 books.",Hänellä auf etwa 2 000 kirjaa.
211377,1308427,Is it far?,Onko se kaukana?
212376,1327057,Seriously?,Oikeesti? | Corresti?
212604,1331062,I like horses.,Já pidän Horseista. | Já pidän Horseista.
213429,1342184,Disgusting!,യൂക്യൂട്ട് വാവ!
213650,1343997,Why do you love me?,ඇයි ඔයා මට ආදරේ කරන්නේ?
214904,1359933,As you wish.,Kuten haluatte. | Kuten haluat.
215478,1369314,I have just finished eating.,Olen juuri syönyt loppuun. | Olen juuri lopettanut syömisen.
215598,1370839,I want to eat ice cream.,Já chci jíst jäätelöä.
215735,1383444,He's a DJ.,Hän on DJ. | Hän on tiskijukka.
215944,1387288,What are you waiting for?,Ką tu tiki? | Ką tu tiki?
216431,1394814,Hold the ball with both hands.,Pitele palloa molemmilla käsillä.
216537,1396177,I'm afraid of dogs.,Pelkään koiria.
216548,1396235,She wants to know who sent the flowers.,"Chce vědět, kdo je to kdo."
216560,1396333,It's already eleven.,Kello na Jo yksitoista.
216601,1396428,You look just like your older brother.,පේන විදියට ඒක හරියටම හරි නෑ.
216827,1399479,Burj Khalifa is currently the tallest skyscraper in the world.,Burj Khalifa na tällä hetkellä world korkein pilvenpiirtäjä.
217712,1417464,Are you coming?,ඔයා එනවද? ඔයා එනවද? ඔයා එනවද? ඔයා එනවද? ඔයා එනවද?
218072,1423299,"In Japan, the new school year begins in April.",Japanissa نوي lukuvuosi پيل Aprilssa.
218529,1435651,It rained.,Satoi. | Satoi vettä.
219095,1442219,She disappeared.,Hän katosi.
219405,1446280,He also speaks French.,Hän auch puhuu ranskaa.
219409,1446444,Something happened.,Jotain tapahtui. | Jotakin tapahtui.
220201,1458036,Today is Wednesday.,ഇന്ന് ബുധനാഴ്ച.
221956,1486456,Be patient.,பாலின விகிதம்: பாலின விகிதம்: பாலின விகிதம்: பாலின விகிதம்.
222335,1488808,Tom was crying.,Tom itki. | Tomi oli itkemässä. | Tomi huusi. | Tomi oli huutamassa.
223223,1495917,Eat slowly.,Syö hitaasti. | Syökää hitaasti.
225703,1531064,Tom nodded.,ടോം നിയോക്ഖൈ.
227491,1553393,Step back.,In: Anna tilaa.
227624,1553532,Call me.,Soita minulle.
227821,1556167,We know.,| Me tiedetään.
231006,1627336,Welcome back.,සාදරයෙන් පිළිගන්නවා නැවත.
233097,1660856,Tom is taking a shower.,ടോമി ജൂപ്പസ്സയില്.
236777,1722133,Relax.,太田 rennosti. | Rentoudu.
237610,1730009,Call home!,Soita kotiin!
237953,1738962,Stop reading.,Lopeta lukeminenová.
242693,1802121,Speak!,Puhu! | Puhukaa!
242828,1804273,Look!,Katso! | Katsokaa!
243443,1815066,Keep reading.,Jatka lukemista. | Jatkakaa lukemista!
245105,1830623,Horses eat grass.,Hevoset syövät ruohoa. | Hevoset syövät heinää.
245942,1841177,Hurry home.,കിറൂഹ്ദ ഹോംസ്.
245945,1841180,Release him.,එයාව නිදහස් කරන්න. එයාව නිදහස් කරන්න. එයාව නිදහස් කරන්න. එයාව නිදහස් කරන්න.
245953,1841188,Wait here.,Odota tady. | Odota tady. | Odottakaa tady. | Odottakaa tady. | Odottakaa tady.
246160,1841588,See you later.,പിന്നെ കാണാം.
247598,1860499,Don't die.,Älkää kuolko.
248927,1868480,Ignore Tom.,♪ ♪ ♪
249534,1876041,Thank you.,Tänks. | Kiitos.
250870,1886145,Did you kill Tom?,Tapoitko Tomin? | Tapoitko sinä Tomin?
252009,1887384,I have to go.,Musím jít. | Musím jít. | Musím jít. | Musím jít. | Musím jít. | Musím jít. | Musím jít teď.
253023,1891110,I'm ready.,Olen valmis. | Mä oon valmis.
253352,1893706,We understand.,Rozumiemy. | Rozumiemy.
255544,1913083,How beautiful!,Kaip kaunista! | Kaip kaunista! | Onpa kaunista!
255547,1913086,How lovely!,Jak úžasné! | Jak úžasné! | Niin úžasné! | Onpa úžasné! | Onpas úžasné!
255548,1913087,Keep it.,pidä se.
255550,1913089,Take it.,ඔටා සෙ.
255553,1913092,How strange!,Kaip outoa! | Miten omituista! | Onpa kummallista! | Onpa omituista! | Onpa outoa!
255648,1916313,Call us.,Soita meille.
255649,1916314,Be nice.,Ole kiltisti.
255980,1924560,I'm old.,Má oon vanha. | Olen vanha. | Minä olen vanha.
258643,1954263,Ask Tom.,Pytanie Tomilta. | Pytanie Tomilta.
258645,1954265,Be still.,Ole aloillasi. | Olkaa aloillanne.
260956,1972633,Get Tom.,ハケカ・トムミ | ハエ・トムミ。
260962,1972639,Grab Tom.,Напаа Туомо. | Напаткаа Туомо. | Тарту Туомон. | Тартука Туомон.
260972,1972649,Show me.,මට පෙන්නන්න.
262588,2005179,Tom lied.,ടോം വാലതിലി.
262589,2005180,Tom lost.,Tomi hävisi. | Tom hävisi.
262590,2005181,Tom moved.,Tomi muutti. | Tom liikkui. | Tomi liikkui. | Tomi transitioni.
262592,2005183,Tom quit.,Tomi lopetti. | Tomi luovutti.
262593,2005184,Tom smiled.,ടോം ഹിമിലി.
262594,2005185,Tom waved.,ടോമി ഹലോട്ടി കേറ്റ.
262595,2005186,Tom yawned.,ടോമി ഹൊകോട്ടീ.
262596,2005187,Who died?,Kuka kuoli? | Ketkä kuolivat?
262597,2005188,Tom died.,Tom kuoli. | Tomi kuoli.
262599,2005190,Who won?,Kuka voitti? | Ketkä voittivat?
262600,2005191,Tom won.,ടോം വോട്ടി.
262601,2005192,I won!,Mä voitin!
263575,2007928,Let's start.,Aloitetaan!
272344,2057650,Thanks.,Díky. | Kiitoksia. | Kiitokset. | Kiitti. | Tänks.
273911,2079905,Mars has two moons.,Marsilla na dvou kuuta.
274083,2083030,Who?,කුකා?
275599,2107594,Tom's sick.,Tom na nemoci.
275672,2107667,We overslept.,Já nukuimme příliš myöhään. | Nukuimme příliš dlouho. | Nukuimme pommiin.
275762,2111159,Tom laughed.,ടോം നൌരോയി.
275773,2111170,Tom graduated.,Tomi valmistui. | Tomi sai tutkinnon.
275796,2111193,Tom clapped.,ടോം ടപ്പട്ടി.
275966,2111364,They refused.,అతను kieltäytyivät.
275969,2111367,They lied.,Он valehtelivat.
276076,2111475,Tell Tom.,Керro Tomille.
276084,2111483,Take mine.,ഓതാ മൻ.
276098,2111497,Stop lying.,பாலின விகிதம்: பாலின விகிதம்: பாலின விகிதம்: பாலின விகிதம்
276208,2111608,Look closely.,Katso tarkkaan.
276325,2111725,I'm home.,"Kotona ollaan! | Hej, tulin kotiin! | Olen kotona. | Minä olen kotona."
276394,2111796,I see.,Já näen. | Näen. | Ymmärrän. | Já ymmärrän.
276430,2111832,Get dressed.,Pue päällesi.
278550,2163151,The book is on the table.,எழுத்தறிவு பெற்றவர்கள்: எழுத்தறிவு பெற்றவர்கள்: எழுத்தறிவு பெற்றவர்கள்: எழுத்தறிவு பெற்றவர்கள்
281462,2203346,I'm shy.,"ओलिन युजोCity name (optional, probably does not need a translation)"
281721,2203607,Who came?,කුකා ටුලි?
284852,2233709,This is mine.,ഇത് എന് റെ പണിയാണ്.
289331,2244966,Are you sleeping?,| | | | | | | | | | | | | | | | |
290072,2245875,I have cancer.,Mám tu rakovinu.
290098,2245901,I have time.,Mám čas.
290250,2246291,We surrender.,Antaudumme.
290587,2247573,I will go.,Minä menen.
295187,2258234,Good morning.,සුභ huomenta.
309577,2346862,This is my computer.,Это на компьютерeni.
320300,2412739,I have two cats.,Mám dvě kissaa.
321617,2439040,I don't want to work under these conditions.,මට මේ වගේ දේවල් කරන්න ඕනේ නෑ.
326155,2499505,Where is the hotel?,Missä na hotelu?
344918,2635485,I have a red bicycle.,Minulla on punainen polkupyörä. | Minulla on punainen pyörä
355479,2654806,Do you have a dictionary?,നിനക്കെന്തെങ്കിലും രേഖകളുണ്ടോ?
383445,2900859,Cats are smart.,Kissat ovat älykkäitä. | Kissat ovat fiksuja.
470851,3663249,There are islands in the sea.,Meressä na saarii.
490066,3738521,Are they brothers?,ഇവന് വെല് ജെറ്റ്സാന ആണോ?
500071,3825001,I don't want to eat.,Já en halua jíst.
501589,3826551,Where are we?,Missä నాకు olemme?
545600,4373509,Probably.,Luultavasti. | Todennäköisesti. | Varmaan.
563303,4606511,Where?,මිසා?
604326,5308161,Turtles don't have teeth.,කිලිපොනිල්ලා ඒයි ඕල් තොපිතා.
