,index,english,translated_from_chinese
1,1277,I have to go to sleep.,I gotta go to bed.I gotta go to bed.
3,1282,Muiriel is 20 now.,Muiriel is now 20 years old.
4,1283,"The password is ""Muiriel"".","The code is ""Muiriel"". | The code is ""Muiriel""."
5,1284,I will be back soon.,I'll be back soon.
6,1286,I'm at a loss for words.,I don't know what to say.
7,1287,This is never going to end.,It won't end forever.It will go on forever.It won't end forever.
8,1288,I just don't know what to say.,I just don't know what to say. | I just don't know what to say.
10,1290,I was in the mountains.,I used to be in the mountains.
11,1291,Is it a recent picture?,Is that a close-up?
12,1292,I don't know if I have the time.,I don't know if I have any time.
14,1295,You're in better shape than I am.,Your body is better than mine.
15,1296,You are in my way.,You blocked my way.
16,1298,This will cost €30.,It costs thirty euros.
17,1299,I make €100 a day.,I earn a hundred euros a day.I earn a hundred euros a day.
20,1302,That won't happen.,That doesn't happen.
22,1304,I'll do my best not to disturb your studying.,I'll try not to bother you with the review.
25,1308,I miss you.,I miss you very much.I miss you very much.I miss you.I miss you.I miss you.
26,1309,I'll call them tomorrow when I come back.,I'll contact them when I come back tomorrow.
28,1311,You should sleep.,You should go to bed.
29,1312,I'm going to go.,I'm gonna go.
30,1313,I told them to send me another ticket.,I asked them to send me another ticket.
33,1316,I once wanted to be an astrophysicist.,I used to think of myself as a space physicist.
34,1317,I never liked biology.,I never liked biology.
35,1318,The last person I told my idea to thought I was nuts.,The last one who heard me say my idea thought I was crazy.
37,1320,It is unfortunately true.,It's a pity it's true.
39,1322,Most people think I'm crazy.,Most people think I'm crazy.
42,1325,He's kicking me!,He's kicking me!
43,1326,Are you sure?,Are you sure? Are you sure? Are you sure?
45,1328,"Oh, there's a butterfly!",Oh! There's a butterfly!
46,1329,Hurry up.,Hurry! Hurry! Hurry! Hurry! Hurry!
47,1330,It doesn't surprise me.,That doesn't surprise me.
49,1333,It depends on the context.,It depends on the situation.It depends on the situation.
51,1335,That's the stupidest thing I've ever said.,That's the stupidest thing I ever said.That's the stupidest thing I ever said.
53,1337,"When I grow up, I want to be a king.",I wanted to be king when I grew up.
56,1340,So what?,What about that?
61,1345,I've always wondered what it'd be like to have siblings.,I always wanted to know what it would be like to have brothers and sisters.
63,1347,It would take forever for me to explain everything.,"I'm afraid I won't be able to explain everything, even if I say three days and three nights ago.It takes a lifetime to explain everything."
64,1348,That's because you're a girl.,That's because you're a girl.
79,1363,I thought you liked to learn new things.,I think you like to learn new things.
80,1364,Most people write about their daily life.,Most people write about their daily lives.
82,1366,"In order to do that, you have to take risks.","To do this, you need to take risks."
84,1368,Why do you ask?,What did you ask the stem?
89,1373,How long did you stay?,How long have you been there
95,1379,That is intriguing.,That's interesting.
102,1386,I didn't like it.,I didn't like it.
111,1395,I have to go to bed.,I should go to bed.I should go to bed.
118,1402,That wasn't my intention.,It's not my intention.It's not my intention.It's not my intention.
119,1403,Thanks for your explanation.,Thank you for your explanation.
123,1408,I don't know what you mean.,I don't know what you mean.I don't know what you mean.
132,1417,I need to ask you a silly question.,I must ask you a stupid question.
136,1421,No one will know.,Nobody will know. | Nobody can know.
138,1423,It seems interesting to me.,It's interesting to me!
140,1425,I like candlelight.,I love candlelight.
149,1434,I love you.,I love you.I love you.
151,1436,I am curious.,I'm curious.
152,1437,Congratulations!,congratulations congratulations congratulations congratulations congratulations congratulations congratulations
153,1438,I don't want to wait that long.,I don't want to wait that long.
154,1439,Why don't you come visit us?,Why don't you come to see us?
159,1445,I hate chemistry.,I hate chemistry.
165,1451,I have nothing better to do.,I have nothing better to do.
166,1452,I can't explain it either.,I can't explain either.I can't explain either.
167,1453,Everyone has strengths and weaknesses.,Everyone has his strengths and weaknesses.
172,1459,I don't know if I still have it.,I don't know if I have any.
174,1461,Don't underestimate my power.,Don't underestimate my strength.Don't underestimate my strength.
175,1462,My mom doesn't speak English very well.,My mom doesn't speak English very well.
181,1468,Everyone wants to meet you. You're famous!,Everyone wants to see you. You're so famous!
194,1481,"Tomorrow, he will land on the moon.",He will be on the moon tomorrow.He will be on the moon tomorrow.
195,1482,I don't speak Japanese.,I don't speak Japanese I don't speak Japanese I don't speak Japanese.
197,1484,Nobody understands me.,Nobody understands me Nobody understands me Nobody understands me
198,1485,I learned to live without her.,I learned not to depend on her.
200,1487,I have too many things on my mind these days.,There's too much stuff in my head these days.
201,1488,I just wanted to check my email.,I just want to check my e-mail.
209,1496,It would take me too much time to explain to you why it's not going to work.,Explain to you why it takes a lot of time to get there.
214,1501,It can't be!,It's impossible!It's impossible!
217,1504,Would you like something to drink?,What do you want to drink?What do you want to drink?
234,1521,Please don't cry.,Please don't cry.
243,1530,Allen is a poet.,Allen is a poet.
248,1535,"If you see a mistake, then please correct it.","If you find something wrong, please correct it.If you find something wrong, please correct it."
253,1540,Why don't we go home?,Why don't we go home?
257,1544,One million people lost their lives in the war.,One million people lost their lives in the war.
270,1561,Did you miss me?,You want me?
272,1564,Thank you very much!,Thank you very much! | Thank you!
275,1567,It's a surprise.,It's a surprise.
276,1568,That's a good idea!,That's a good idea!
285,1578,They say love is blind.,People say love is blind.
296,1590,Do you speak Italian?,Do you speak Italian | Do you speak Italian?
299,1594,May I ask a question?,Can I ask you a question?
307,1602,You'll forget about me someday.,One day you'll forget me. | One day you'll forget me.
308,1603,That is rather unexpected.,It's a real surprise.
311,1606,I couldn't have done it without you. Thank you.,"I can't do without you, thank you."
319,1615,Do whatever he tells you.,"Whatever he says to you, you do."
323,1619,May I talk to Ms. Brown?,May I speak to Miss Brown?
326,1622,What do you want?,What do you want | What do you want?
333,1630,I have a dream.,I have a dream.
347,1644,You look stupid.,You look silly.
349,1646,My name is Jack.,My name is Jack.My name is Jack.
350,1647,I like it very much.,I love it very much.
352,1649,How do you say that in Italian?,How do you say that word in Italian
354,1651,Is it far from here?,Is it far from here | Not far from here
355,1652,These things aren't mine!,These things aren't mine!
357,1654,Would you like to dance with me?,Would you like to dance with me?
359,1659,It's not my fault!,It's not my fault!
363,1663,Where are the showers?,Where's the bathroom?
366,1666,I have lost my wallet.,I lost my wallet.
376,1679,Thanks to you I've lost my appetite.,Thanks to you I've lost my appetite.
386,1689,It is very hot today.,It's hot today.
394,1698,Look at me when I talk to you!,Look at me when I talk to you!
401,1705,I'm tired.,I'm tired.I'm tired.I'm tired.
404,1709,When do we arrive?,When do we arrive?
405,1710,"The check, please.",Buy order.
407,1712,I have a headache.,I have a headache.I have a headache.My headache.
411,1716,How are you? Did you have a good trip?,How are you doing? Have you had a nice trip?
412,1717,I don't feel well.,I feel uncomfortable.
413,1718,Call the police!,Call the police! Call the police!
414,1719,It's too expensive!,It's too expensive!
418,1723,Merry Christmas!,Happy Christmas! Happy Christmas! Happy Christmas!
439,1744,"The past can only be known, not changed. The future can only be changed, not known.","We can revisit the past, but not change the past; we can change the future, but not predict the future."
449,1754,I'm starving!,I'm starving! I'm starving!
460,1765,I'm undressing.,I'm taking off my clothes.I'm taking off my clothes.
466,1771,The wind calmed down.,The wind stopped.
471,1776,"Who searches, finds.","The man who seeks, he will find."
472,1777,Rome wasn't built in a day.,"Rome wasn't built in one day.It's three feet frozen, not one day cold."
478,1783,That was the best day of my life.,It was the most beautiful day of my life.
479,1784,I don't understand German.,I don't know German.
480,1785,I made my decision.,I've decided.
481,1786,I give you my word.,I promise you.
507,1813,It's cold.,It's very cold.It's very cold.
508,1814,I'm thirsty.,I'm thirsty.
522,1829,Life is beautiful.,Life is beautiful.Life is beautiful.Life is beautiful.
554,1862,It is raining.,It's raining.It's raining.
568,1876,I went to the zoo yesterday.,I went to the zoo yesterday.
713,2022,I dreamt about you.,I dreamed of you.
715,2024,I won't lose!,I won't lose!
731,2040,I'm almost done.,I'm almost done.
752,2061,It is never too late to learn.,"Live to grow old, learn to grow old."
757,2066,What are you talking about?,What are you saying?What are you saying?
767,2077,"Thank you. ""You're welcome.""","Thank you. ""No thanks."""
769,2079,Winter is my favorite season.,Winter is my favorite season.
786,2096,He disappeared without a trace.,He disappeared without leaving any trace.He disappeared without leaving any trace.
801,2111,She was wearing a black hat.,She wears a black hat.
824,2136,Where is the bathroom?,Where's the wash?
856,2168,Where are you?,Where are you?
862,2175,No way!,No door!
902,2216,Don't forget about us!,Don't forget us!
934,2249,I need your advice.,I need your opinion.
987,2302,Whose is this?,Whose is this?
995,2310,Do you like rap?,Do you like to say and sing music?
1003,2319,I don't know him.,I don't recognize him.
1006,2322,It's not important.,It doesn't matter. It doesn't matter.
1007,2323,I don't care.,I don't care.It's not about me.
1012,2329,Fifty-two per cent of British women prefer chocolate to sex.,52% of British women prefer chocolate over sex.
1026,2344,Better late than never.,Late is never better than late.Late is never better than late.
1027,2345,"Like father, like son.",His father shall have his son.
1030,2350,All cats are grey in the dark.,Cats are grey in the dark.
1032,2352,No news is good news.,No news is good news.
1048,2368,He's a good person.,He is a good man.He is a good man.
1050,2370,Enjoy your meal!,I wish you a good appetite!
1057,2378,Make yourself at home.,Just be at home.
1068,2389,I don't want it anymore.,I don't want it anymore.
1080,2401,I thought it was true.,I thought it was true.
1088,2409,I went to drink a beer with friends.,I went to have a beer with a friend.
1091,2412,They quarreled.,They got into a fight.
1092,2413,I ate caviar.,I ate fish sauce.
1097,2418,How much is it?,How much is this? How much is it worth? How much money? How many are these?
1101,2423,Did you leave a tip?,Did you pay a small fee?
1102,2424,Don't forget the ticket.,Don't forget the ticket Don't forget the ticket.
1107,2429,I want you to tell me the truth.,I want you to tell me the truth.I want you to tell me the truth.
1115,2437,I talked to friends.,I talked to my friends.
1122,2444,Tell me what happened.,Tell me what happened. Tell me what happened.
1127,2449,It's more difficult than you think.,It's harder than you think.
1130,2453,I don't agree with him.,I don't agree with him.
1150,2474,I'd rather be a bird than a fish.,I wish to be a bird over a fish.
1169,5944,Tell me about it!,Talk to me about that.
1176,5999,I have to take medicine.,I must take the medicine.
1182,6019,I work even on Sunday.,I even work weekdays.
1184,6024,It happened a long time ago.,This happened many years ago.
1185,6026,Where have you been?,Where have you been?
1188,6034,It's been snowing all night.,It snowed all night.
1198,6054,"He was born on July 28th, 1888.",He was born on 28 July 1888.
1207,6130,She is mad at me.,She's mad at me.
1249,9905,You can rely on him.,You can count on him.
1260,13335,Did you meet her?,Have you met her?
1333,15859,Can you ride a horse?,Will you ride a horse? Will you ride a horse
1354,15882,Do you live here?,Do you live here?
1376,15904,Who are you waiting for?,Who are you waiting for?
1384,15913,I'm proud of you.,I'm proud of you.
1389,15918,You look bored.,You look like you don't talk.
1460,15993,You work hard.,You work hard.
1477,16010,Are you writing a letter?,Are you writing? Are you writing?
1487,16020,Can you drive a car?,Will you drive? | Will you drive?
1490,16023,You should apologize.,You should apologize.
1580,16117,Why were you absent yesterday?,Why were you absent yesterday?
1584,16122,You must do your best.,You must do your best.
1591,16130,You look pale today.,You look very pale today.
1614,16159,You have to go.,You have to go.
1616,16161,You'd better not go.,You'd better not go.
1619,16164,Are you happy?,Are you happy? Are you happy? Are you happy?
1670,16216,You broke the rule.,You've broken the rules.
1678,16224,You look pale.,You look very pale.
1699,16246,Will you stay at home?,Will you stay at home?
1708,16255,What are you looking for?,What are you looking for?
1709,16256,What are you looking at?,What are you looking at?What are you looking at?What are you looking at?What are you looking at?
1711,16259,What do you intend to do?,What do you want to do?
1714,16263,What do you want to be?,What do you want to be | What do you want to be
1715,16265,What will you have?,What will you have?
1718,16268,What woke you up?,What woke you up?
1731,16283,You dropped your pencil.,You lost your pencil.
1736,16289,Do you study English?,Do you study English | Do you study English
1744,16300,Can you swim?,Will you swim? | Can you swim?
1859,16428,Can you speak French?,Will you speak French? | Will you speak French?
1877,16449,Do you want anything?,What do you want?
1899,16475,You look very tired.,You look very tired.You look very tired.
1912,16491,How about you?,What about you? What about you? What about you? What about you?
1913,16492,What are you doing?,What are you doing? What are you doing now? What are you doing? What are you doing? What are you doing? What are you doing? What are you doing? What are you doing? What are you doing? What are you doing? What are you doing?
1941,16525,You have many books.,You have many books.You have many books.You have many books.
2001,16590,Did you watch the game?,Did you watch the game?
2116,16715,You can study here.,You can learn here.
2144,16747,Aren't you happy?,Are you not happy?
2168,16774,What time do you usually get up?,When do you usually get up? | When do you usually get up?
2328,16945,Compare your answer with Tom's.,Compare the answers to you and Tom.
2331,16948,Your answer is right.,Your answer is correct.Your answer is correct.Your answer is correct.
2351,16969,May I use your phone?,Can I borrow your phone? | Can I borrow your phone?
2375,16994,It's none of your business.,It's not about you. | I don't have anything to do with you.
2376,16996,Mind your own business!,Take care of your own business.Do less of your own business!
2392,17013,Go back to your seat.,Go back to your seat.
2440,17065,Write your address here.,Write down your address here.
2447,17073,I received your letter yesterday.,I received your letter yesterday.
2450,17076,Are your hands clean?,Are your hands clean?
2472,17101,Your bicycle is similar to mine.,Your bicycle is very similar to mine.
2474,17103,Is your watch correct?,What about your watch?
2480,17110,Where are your things?,Where's your stuff? Where's your stuff? Where's your stuff?
2516,17150,Where do you come from?,Where are you from?Where are you from?Where are you from?
2555,17190,Make your choice.,Make your choice.
2562,17198,I know what you mean.,I know what you mean.I know what you mean.
2643,17283,Where is your school?,Where's your school?
2703,17344,You're on the right track.,You are on the right track.You are on the right track.
2705,17347,Your time is up.,Your time has come.
2713,17355,Your pen is better than mine.,Your pen is better than mine.
2715,17357,Your plan sounds great.,Your plan sounds good.
2749,17395,Your cake is delicious.,Your cake is delicious.Your cake is delicious.
2754,17400,Here is your bag.,Your bag is here.
2774,17421,I believe you.,I believe you.
2776,17423,I don't agree with you.,I don't agree with you.
2880,17534,You deserve the prize.,You should get this prize.
2884,17538,Green suits you.,Green suits you.
3032,17707,I want you.,I want you.
3055,17735,I need you.,I need you.
3082,17764,Show me what you bought.,Let me see what you bought.
3110,17795,I guess you are right.,I guess you're right.
3143,17829,I love you more than you love me.,I love you more than you love me.I love you more than you love me.
3185,17881,I know you are rich.,I know you have a lot of money.
3310,18017,I don't blame you.,I don't blame you.
3361,18073,You don't understand.,You don't understand.You don't understand.You don't understand.
3552,18278,The sky is full of stars.,The sky is full of stars.
3619,18356,Stop grumbling.,Stop complaining.
3758,18505,Money is the root of all evil.,Money is the source of all evil.
3781,18531,I wish I were rich.,But I wish I had a lot of money.
3870,18631,Money talks.,Money is everything.
4377,19170,Don't be afraid.,Don't be afraid.Don't be afraid!
4540,19342,"Fish, please.","Fish, thank you."
4770,19587,Call an ambulance.,Call the ambulance.
4896,19729,Haste makes waste.,I don't want to go fast.
4900,19733,Please hurry.,Please take your time.
5007,19847,I haven't seen him for a long time.,I haven't seen him in a long time.
5224,20086,All that glitters is not gold.,It's not necessarily gold that lights up.The surface isn't enough for light.
5235,20097,You are beautiful.,You are very beautiful.
5418,20288,I'm not feeling well.,I feel uncomfortable.I'm unwell.
5471,20344,Take it easy.,It's easy. | It's different.
5504,20379,Are you crazy?,Are you crazy?
5514,20392,Never mind.,It doesn't matter.
5520,20398,Forget it.,You don't have to worry.Let's give up.It's over.
5526,20405,I'm exhausted.,I'm tired.I'm stuck.I'm very tired.
5823,20719,Look out!,Be careful!
6087,21003,I want something sweet.,I want something sweet.
6174,21098,"Check, please.",Booklets.
6197,21124,I feel cold.,I feel cold.
6326,21259,It's a piece of cake.,A little dish.
6333,21267,Have fun.,It's fun to play.
6711,21678,Do you remember?,Do you remember?
6961,21938,I want to go abroad.,I want to go abroad.I want to go abroad.
7080,22061,Open up.,Open the door!
7136,22121,All aboard!,Please get on the boat!
7137,22122,"Good morning, everybody.",Good morning everybody.
8687,23749,Flowers bloom.,Flowers bloom.
8818,23884,There is no smoke without fire.,There is no wind without waves.
8859,23929,Do you like singing?,Do you like singing?
8883,23959,I'm free.,I've got a vacancy.
9000,24081,How is your family?,Are all your family all right?
9339,24435,Who do you think you are?,Who were you when?
9511,24616,Nothing happened.,Nothing happened.
9546,24657,Why didn't you come?,Why didn't you come?
9561,24674,What did you buy?,What did you buy?
9563,24676,What are you reading?,What are you watching?What are you watching?What are you watching?
9583,24698,What are you thinking about?,What are you thinking?What are you thinking?
9588,24706,What do you mean?,What do you mean?What do you want to say?
9624,24759,What do you want to do?,What do you want to do?
9629,24765,What would you like to drink?,What do you want to drink?What do you want to drink?What do you want to drink?
9732,24885,What a pity!,Too bad! Too bad! Too bad! Too bad! Too bad!
9795,24958,Why me?,Why me?
9833,25000,What are you going to do?,What are you gonna do?
9858,25029,What's new?,What's new?
9915,25095,Can I help you?,Can I help you?
9926,25106,What do you want me to do?,What do you want me to do?
9976,25164,What's up?,What are you doing
10031,25229,Would you like anything to eat?,What do you want to eat | What do you want to eat
10101,25313,Anything new?,What's new?
10274,25498,How should I know?,How do I know?
10279,25504,I'm a free man.,I am a free man.
10284,25509,I'm a hero.,I'm a hero.
10301,25528,Don't worry about me.,Don't worry about me.
10307,25534,Leave me alone!,Don't bother me!
10311,25538,Are you talking to me?,Are you talking to me? Are you talking to me?
10406,25640,The king abused his power.,The king abused his power.
10449,25684,Did you buy a round-trip ticket?,Did you buy the round-trip ticket?
10682,25930,Action!,Start!
10706,25954,Draw a circle.,Draw a circle.
10903,26170,Can you speak English?,Will you speak English? Will you speak English? Will you speak English? Will you speak English?
10995,26277,English is an international language.,English is an international language.
11099,26397,I wish I could swim.,I wish I could swim. | I wish I could swim.
11336,26653,You are lying.,You're lying.
12245,27641,Leave me alone.,Let me stay alone.
12400,27808,He didn't say a word.,He didn't say anything.
12586,28006,What did he say?,What did he say?
12698,28129,Wrong.,False.
12727,28159,My stomach hurts.,I have a stomachache.I have a stomachache.I have a stomachache.
13148,28607,Not bad.,That's good.
13494,28989,I like pizza very much.,I love Pisa very much.
13554,29049,I am at home.,I'm at home I'm at home.
14079,29600,Linda loves chocolate.,Linda likes chocolate.
14090,29612,I am eating an apple.,I'm eating an apple.
14108,29632,The apple fell from the tree.,The apple fell from the tree.
14125,29653,Lincoln died in 1865.,Lincoln died in 1865.
14219,29749,I'm listening to the radio.,I'm listening to the radio.
14232,29763,Turn on the radio.,Open the radio.
14311,29846,The lion is the king of the jungle.,The lion is the king of the jungle.
14382,29922,Listen carefully.,Listen carefully.
14483,30030,School starts in September in Europe.,Schools in Europe opened in September.
14506,30054,Sweet dreams!,I wish you a good dream.
14536,30085,Have a nice day.,I wish you a happy day.
14575,30126,Drive slowly.,Drive slower.
14751,30316,Hi! How are you?,"Hi, how are you? Hi, how are you?"
14824,30397,Louder.,Make a louder noise.
14826,30399,"Louder, please.",Please be loud.
14958,30542,Definitely!,Must be! Of course!
15238,30835,I wouldn't do that if I were you.,"If I were you, I wouldn't do that."
15358,30970,Are you there?,Are you there?
15690,31334,Time is up.,It's time.
15703,31348,We have no time.,We don't have time.
15728,31380,I have to leave now.,I should go.
15737,31390,"No, thank you.","No, thank you."
15814,31476,"Could you repeat that, please?",Could you please repeat it?
15855,31522,Please show me another one.,Please show me another one.
16000,31683,It's already seven.,It's seven o'clock now.
16038,31723,Try again.,try again try again.
16201,31892,Mary is tall.,Mary is very tall.
16209,31900,Mary understands Chinese.,Mary understands Chinese.
16216,31907,Mary ran.,Mary ran away.
16371,32071,You're disgusting!,You're sick of it!
16803,32527,I agree completely.,I totally agree.
16844,32569,I don't know yet.,I don't know yet.
16903,32635,See you again.,Goodbye!
16937,32672,See you soon!,See you soon!
17093,32841,A friend in need is a friend indeed.,"When you need someone to help you, it's a real friend.Who can't help you, it's not a real friend"
17588,33354,Take a taxi to the hotel.,Go to the hotel.
17763,33536,I don't like coffee.,I don't like to drink coffee. | I don't like coffee.
17933,33712,I feel homesick.,I think about home.I think about home.
17991,33771,Do you have a pen?,Do you have a pen?
18223,34011,Do your best.,Do your best.
18989,34819,It's brand new.,This is brand new.
19015,34846,"Two beers, please.","Two glasses of beer, please."
19153,34991,Do you like playing volleyball?,Do you like playing volleyball?
19253,35096,Who wrote Hamlet?,Who wrote Hamlet?
19520,35385,Let's take a bus.,Let's take the bus.
19601,35471,Fill the bucket with water.,Fill the buckets with water.
19616,35489,Don't talk nonsense!,Don't talk rubbish! - Don't talk rubbish!
19708,35586,Here are your keys.,Give me your key.This is your key.
20167,36088,What?,What? | What?
20174,36097,How cute!,How cute! How cute!
20359,36297,Everything is ready.,It's all set.
20396,36344,Why is he here?,Why is he here?
20451,36405,Why are you crying?,Why are you crying?
20459,36413,Why did you quit?,Why did you quit?
20465,36419,Why?,Why? Why? Why? Why? Why?
21008,37011,Tom goes to school on foot.,Tom walks to school.
21012,37015,Tom likes to knit.,Tom likes knitting.
21025,37029,Tom frowned.,Tom wrinkled his eyebrows.
21049,37053,Tom is interested in mountaineering.,Tom is interested in mountaineering. | Tom is interested in mountaineering.
21073,37077,Tom is a student.,Tom is a student.
21078,37083,Tom is interested in mathematics.,Tom is interested in math. | Tom is interested in math.
21093,37098,Tom drove the car.,Tom's car.
21115,37121,Tom gave me a pen.,Tom gave me a pen.
21156,37162,Tom is absent.,Tom is not here. Tom is not here.
21164,37170,Tom looks pale.,Tom looks very white.
21178,37185,Tom likes swimming.,Tom likes swimming.
21191,37199,Tom walks slowly.,Tom walked very slowly.
21217,37226,Does Tom like tomatoes?,Tom likes or dislikes tomatoes?
21224,37234,Where was Tom born?,Where was Tom born?
21225,37236,Tom finally gave up smoking.,Tom finally quit smoking.
21233,37244,Tom likes cheese.,Tom likes cheese. Tom likes to cook. Tom likes cheese.
21355,37370,Tom and I are friends.,Tom and I are friends.
21376,37392,Aren't you Tom?,Are you not Tom?
21420,37437,"How are you, Tom?","How are you, Tom?"
21493,37512,Where does it hurt?,Where does it hurt?
21787,37840,It was really cheap.,It's really cheap.
21838,37894,It doesn't matter.,It doesn't matter.
21871,37928,Which book is yours?,What is your book?What is your book?What is your book?What is your book?What is your book?What is your book?What is your book?What is your book?
21919,37981,You may choose whichever you want.,You can choose anything you want.You can choose anything you want.
22065,38153,Where do you work?,"Where do you work, please | Where do you work"
22275,38387,I'm sorry.,I'm sorry.I'm sorry.I'm sorry.
22280,38392,I don't get it.,I don't understand.I don't understand.
22349,38464,Please drive carefully.,Be careful to drive.
22414,38559,Please make yourself comfortable.,"Don't be rude, just sit down."
22420,38571,"Sit down, please.",Please sit down.
22633,38820,Please forgive me.,"Excuse me, please.Excuse me, please."
22726,38926,How are you doing?,How are you? Are you all right? Are you all right?
22731,38932,Where's the restroom?,Where's the toilet?
22751,38955,German is not an easy language.,German is not an easy language.
22919,39148,Turn off the TV.,Turn off the television.
22935,39164,I watch television.,I watch TV.
23362,39619,There is an orange on the table.,There's an orange on the table.
23726,40019,Let me see it.,Let me see.
23755,40051,Step aside.,Let it go.
24039,40350,No one can help me.,Nobody can help me.Nobody can help me.
24119,40434,Who cares?,Who loves who?
24301,40632,Stop smoking.,I'll smoke again.
24829,41207,Most Americans like hamburgers.,Most Americans like hamburgers.
25162,41556,I didn't mean it.,I don't mean that.
25178,41572,Don't say that.,Don't say that.
25310,41719,Turn it off.,Turn it off.
25413,41825,"Give it to me, please.",Please give it to me.
25435,41848,Let me see that.,Let me see.
25615,42038,It's about the size of an egg.,It's the size of a chicken egg.
25800,42235,Whose idea was it?,Whose idea is this?
25903,42344,Is it yours?,Is this yours?
26116,42572,I put it in the drawer.,I put it in the drawer. | I put it in the drawer.
26373,42849,What is it?,What is it?
26708,43211,What does it mean?,What does that mean?
27366,43899,Give me the book.,Give me the book. - Give me the book.
27393,43928,Where is the book?,Where is that book?
30161,46819,The car is ready.,The car is ready.
31360,48085,What does this word mean?,What does this word mean?What does this word mean?What does this word mean?
31515,48251,The dog is dying.,The dog is about to die.
33122,49963,Open the bottle.,Open the bottle.
34300,51271,I'm not at all tired.,I'm not tired at all.
34363,51340,I have a cough.,I cough.
34690,51692,"All horses are animals, but not all animals are horses.","All horses are animals, but not all animals are horses.All horses are animals, but not all animals are horses."
35005,52022,Terrific!,That's great!
35010,52027,Wow!,"Whoa, whoa!"
35060,52081,I'm coming.,I'm here.I'm here.
36366,53465,Study hard.,Learn well.
37073,54201,Here comes the bus.,The bus is here.
37093,54223,Come along.,Come on. Come on.
37187,54331,Ladies first.,Ladies first.
37308,54468,I wish you good luck.,I wish you all the best.I wish you all the best.I wish you all the best.
37430,54604,"Hello, Tom.","Hello, Tom."
37679,54868,It's true.,It's true.It's true.
37886,55087,Whose books are these?,Whose books are these? Whose books are these?
38220,55437,This is their house.,This is their house.
38293,55514,Whose room is this?,Who's in this room?
38298,55519,Whose umbrella is this?,Whose umbrella is this?
38300,55521,Whose pencil is this?,Whose is this pencil?
38312,55535,This is too big.,This is too big.
38503,55738,This is a dog.,This is a dog.
38513,55749,Is this your bicycle?,Is this your bike?
38528,55767,I don't like this.,I don't like it.
38732,55984,Is this your umbrella?,Is this umbrella yours? Is this umbrella yours?
39336,56634,What do you call this vegetable in English?,What is the name of this vegetable in English?
39580,56910,This book is new.,This book is a new one.
40569,57974,I don't understand this word.,I don't know the word.
41714,59199,Don't throw away this magazine.,Don't throw away this magazine.
42988,60560,This program cannot be run in DOS mode.,This program cannot be executed in DOS mode.
43098,60676,Does this bus go to the beach?,Is this bus going to the beach?
43174,60758,The knife is not sharp.,The knife is not sharp.
43864,61484,This is my daughter.,This is my daughter.
43988,61614,This is a hospital.,This is a hospital.
44219,61875,Please wait here.,Please wait here.
44415,62110,Where is the nearest subway station?,Where's the latest subway station?
44885,62608,Nobody was injured.,No one was injured.
45368,63119,Today is Sunday.,It's Sunday today.
45458,63212,Do you believe in ghosts?,Do you believe in ghosts? Do you believe in ghosts? Do you believe in ghosts?
45461,63215,You make me happy.,You make me happy.
45464,63218,You look tired.,You look tired. | You look very tired.
45531,63296,I caught three fish yesterday.,I caught three fish yesterday.I caught three fish yesterday.
45558,63324,A fox is a wild animal.,The fox is a wild animal.The fox is a wild animal.
45836,63615,It's pretty cold.,The weather is cold.
45851,63631,Canada is larger than Japan.,Canada is larger than Japan.
46147,63957,Is your mother at home?,Is your mother home?
46407,64241,Your dog is very big.,Your dog is very fat.Your dog is very fat.
46423,64257,Take care of yourself.,Take care of yourself.
46488,64332,You are drunk!,You're drunk!
46621,64491,Behave yourself.,Rule of thumb.
46626,64496,Watch yourself.,Take care of yourself.
46634,64505,Sit wherever you like.,"Wherever you like to sit, sit wherever you like to sit."
46736,64620,I want money.,I want money.
46799,64693,Welcome home.,Welcome home.
46985,64918,"Good morning, Mike.","Good morning, Mike."
47531,65501,My family goes skiing every winter.,My family skis every winter.
47918,65909,It's too late now.,It's too late.
47926,65918,I am coming.,I'm here.
48043,66043,When did you get back from London?,When did you come back from London?
48608,66664,Jesus wept.,Jesus cried.
48699,66762,Happy Easter!,Happy Easter.
48916,66989,What's that?,What is that?What is that?
49048,67124,Is that a bat?,Is that just a bat?
49050,67126,That is mine.,That's mine.
49262,67345,Alice smiled.,Alice laughed.
50014,68134,Do you know if he has a girlfriend?,Do you know if he has a girlfriend?
50417,68547,The house is haunted.,The house is a mess.
50430,68563,Look at that smoke.,Look at the smoke.
50752,68908,Are you free tomorrow?,Are you free tomorrow?
50779,68937,I admire you.,I appreciate you.
50789,68948,Are you busy?,Are you busy? Are you busy? Are you busy? Are you busy? Are you busy?
50795,68954,Are you studying?,Do you study?
50871,69044,Do you know where he lives?,Do you know where he lives? Do you know where he lives?
51020,69205,Do you get along with your boss?,Do you fit in with the boss?
51214,69421,Have you ever seen a whale?,Have you seen whales?
51225,69436,Do you like black cats?,Do you like black cats?
51284,69506,You have a good memory.,You have good memory.You have good memory.
51296,69521,Are you a student?,Are you a student? Are you a student?
51362,69611,You have everything.,You've got it all.
51370,69619,Do you want anything to eat?,Do you want to eat anything?What do you want to eat?What do you want to eat?What do you want to eat?
51485,69763,You're still young.,You are still young.You are still young.You are still young.You are still young.You are still young.
52019,70408,Where is your room?,Where is your room? | Where is your room?
52198,70623,What is your name?,What's your name?What's your name?What's your name?What's your name?What's your name?
52496,70960,How old is your father?,How old is your father?
52528,71000,How old is your grandfather?,How old is your grandfather?
52742,71256,Are you students?,Are you a student?
53190,71751,I know him.,I know him.I know him.
53489,72055,He looks suspicious.,He looks suspicious.
53510,72076,Now I remember.,Now I'm thinking.
54778,73398,Ten years is a long time.,Ten years is a long time.
54812,73434,It's ten o'clock sharp.,It is now 10 o'clock.
55379,138919,Welcome.,Welcome Welcome Welcome Welcome Welcome Welcome!
55509,237639,You speak fluent English.,You speak English very well.
55555,237692,I'll make you happy.,I'll make you happy.
55560,237698,I believe in you.,I believe you.
56637,238862,It's Monday.,It's Monday today.
57023,239285,Can you find it?,Can you find it?
57151,239431,Good luck.,Good luck to you.
57294,239578,Where do you live now?,Where do you live now?
57582,239892,Is he breathing?,Is he breathing?
57834,240166,Look back!,Look back!
58614,241077,Let's go!,Let's go!Let's start!Let's go!
58720,241200,I give up.,I give up.
59166,241675,I'm on a diet.,I'm on a diet.
60039,242641,That's enough for today.,Let's get here today.
60111,242732,It is very cold today.,It's super cold today.
60183,242809,It's cold today.,It's cold today.
60207,242836,It is Monday today.,Today is Monday. | This Week.
60247,242881,It's hot today.,It's hot today.
60906,243599,Sugar dissolves in water.,Sugar is dissolved in water.
61013,243711,The worst is over.,The worst is over.
61782,244539,Yesterday was my birthday.,Yesterday was my birthday.
62564,245411,Are you working?,Are you at work?
62605,245454,I'm looking for a job.,I'm looking for a job.
63020,245897,Children need loving.,Children need to be cared for.
63402,246314,"Stop, or I'll shoot.","Stop, or I'll shoot."
64414,247442,Welcome to our home.,Welcome to our house.
64711,247763,We try.,Let's try it.
64879,247937,We played soccer yesterday.,We played soccer yesterday.
65001,248069,We painted the house green.,We painted the house green.
66839,250101,Please tell me your name.,Please tell me your name Please tell me your name.
66866,250135,Follow me.,Please come with me.B: Come with me.
67038,250327,Do you remember me?,Do you remember me?
67322,250648,My legs still hurt.,My leg is still very painful.
67352,250680,He is my brother.,He's my brother.
67692,251060,Answer me.,Answer me.
68451,251884,Where's my book?,Where's my book?
68790,252254,I played soccer yesterday.,I played football yesterday.
68808,252272,I have a car.,I have a car.
68816,252280,I like castles.,I like the castle.
68823,252287,I am a student.,I'm a student.I'm a student.
69426,252983,I don't drink much wine.,I don't drink.
70203,253848,I have a computer.,I have a computer.
70649,254335,I don't know how to spell the word.,I don't know how to spell the word.
71093,254847,I'm glad to hear that.,I'm very happy to hear that. | I'm very excited to hear that.
71253,255034,I like chocolate.,I like chocolate.
71273,255055,I hid under the table.,I'm hiding under the table.
71297,255080,I like tennis.,I like tennis. | I like tennis.
71529,255340,I'd like to live in New York.,I want to live in New York.
71804,255644,I'm happy to see you again.,I hope to see you again.
71867,255717,I gave Mary a book.,I gave Mary a book.
72048,255926,I like to eat apples.,I like apples.
72156,256043,I bought a book.,I bought a book.I bought a book.
72280,256178,I can swim.,I'll swim.
72329,256236,I study English.,I study English.
72890,256891,I like fish.,I like fish.
72970,256982,I'm going to the bank.,I'm going to the bank.
73077,257112,I like your car.,I like your car.I like your car.
73078,257113,I need your help.,I need your help.
73156,257204,I'm married.,I am married.I am married.
73213,257266,I have lost my key.,I lost my key.
73426,257499,I'm on vacation.,I'm on vacation.
73674,257783,He wrote a letter yesterday.,He wrote a letter yesterday.He wrote a letter yesterday.
73698,257809,I was busy yesterday.,I was busy yesterday.
73707,257819,I retired last year.,I retired last year.
74284,258457,I wrote a letter.,I wrote a letter.
74510,258713,I laughed.,I laughed.
74564,258769,I overslept.,I'm asleep.I'm asleep.
74638,258845,I know the truth.,I know the truth.
74773,258994,I'm not a student.,I'm not a student.
74799,259020,I have a new red car.,I have a new red car.
74809,259030,I've lost my ticket.,I lost my ticket.
74823,259045,I was in London last month.,I was in London last month.
74847,259069,I am a teacher.,I'm a teacher.I'm a teacher.
74848,259070,I am not a teacher.,I'm not a teacher.
74945,259190,I run.,I'm running.
74984,259233,I'm proud of my son.,I'm proud of my son.
75037,259288,I'm healthy.,I'm in good shape.
75155,259413,I'm afraid of earthquakes.,I'm afraid of earthquakes.
75470,259747,I love reading books.,I love reading books.
75593,259880,I do not have a cat.,I don't have a cat.
76817,261221,I love her.,I love her. | I love her.
77052,261477,I'm poor.,I'm very poor.
77065,261490,I've never climbed Mt. Fuji.,I never climbed Mt. Fuji.
77275,261721,I'm busy.,I'm very busy.
77387,261849,I run every day.,I run every day.
77726,262220,I live with my parents.,I live with my parents.
77743,262240,I like apples.,I like apples very much.
77810,262315,I broke my arm.,My arm is broken.
77834,262339,"I think so, too.","I think so, too.I think so, too.I think so, too."
77908,262424,Please help me.,Please help me. | Help me.
78717,263406,Poets write poems.,A poet writes poetry.
79144,263886,Time flies.,Time passes. Time passes. Time passes in a hurry.
79970,264824,Respect yourself.,A little self-respecting.
80319,265233,What actually happened?,Whatever happened.
80482,265406,I wish I had a car.,But I wish I had a car.
80569,265500,Drive carefully.,Driving be careful. Driving safely.
80570,265501,Do you know how to drive a car?,Do you know how to drive? | Will you drive? | Will you drive?
81054,266051,Can I help?,Can I help? | Can I help?
81063,266065,Help me.,Help me out.
81369,266400,Practice makes perfect.,Skill is skillful.
81701,266790,Get out!,Go out! Go out!
82881,268087,Get down!,Get down!
83562,268828,Unbelievable!,It's unbelievable!
84767,270147,Are you kidding?,Are you kidding me?
86352,271901,Try hard.,Work hard.
86481,272043,Keep quiet.,Keep quiet!
87954,273621,See above.,See above.
88018,273694,Everything went smoothly.,Everything went smoothly.
88107,273786,I have no idea.,I don't know.I don't know.
88478,274210,Open the window.,Please open the window.
88496,274237,Close the window.,Close the window!
89422,275276,I am exhausted.,I'm tired.I'm stuck.I'm very tired.
89857,275743,Are you all right?,Are you all right?
90203,276105,Is anybody here?,Anyone?
90204,276106,Is somebody there?,Is there anyone over there?
90373,276298,Is anybody home?,Is there anyone at home?
90434,276369,Who knows?,Who knows?
90652,276629,No one helped me.,Nobody helped me.
90948,276955,It's too expensive.,It is too expensive.It is too expensive!
90985,276998,Ignorance is bliss.,Ignorance is happiness.
91027,277046,Knowledge is power.,Knowledge is power. Knowledge is power.
91406,277466,Let me in.,Let me in.
91640,277720,Stop talking.,Don't talk.
91688,277773,Breakfast is ready.,Breakfast is ready.
92046,278174,Birds sing.,Birds sing.
92080,278213,Birds fly.,Aviation.
92087,278220,Birds lay eggs.,Bird eggs.
92373,278535,It's my brother's.,It's my brother's.
92441,278606,Don't give up!,Don't give up!
92944,279153,Turn off the light.,Lights on.
93063,279284,Answer the phone.,Take the phone.
93811,280125,My head aches.,I have a headache.I have a headache.My headache.
93842,280162,Cool off!,Silence!
94051,280393,Are you lost?,Have you lost your way
94219,280576,Are you single?,Are you alone?
94881,281301,Have you decided to go to Japan?,Have you decided to go to Japan?
95165,281606,Japan is a rich country.,Japan is a rich country.
95175,281616,Welcome to Japan.,Welcome to Japan.
95690,282197,Years passed.,How many years have passed.
95715,282225,I am eighteen years old.,I'm 18 years old.
95938,282462,My back still hurts.,My back still hurts.
96815,283413,Guess what he told me.,Guess what he told me.
97008,283629,I like him.,I like him.
98404,285184,Grab him.,Grab him.
99624,286516,Forget him.,Forget about him.
100128,287067,He has long legs.,His legs are long.
101076,288121,He has a dog.,He has a dog.
101119,288166,He tries.,He'll try it.
101596,288669,He is a DJ.,He is a DJ.
101885,288982,How old is he?,How old is he?
102029,289132,He is always with me.,He's always with me.
102666,289812,He doesn't like coffee.,He doesn't like to drink coffee.
102873,290025,He likes playing soccer.,He likes to play football.
103154,290321,He accelerated.,He's speeding up.
104354,291622,He eats a lot.,He ate a lot.
104393,291665,He decided to quit smoking.,He decided to quit smoking.
104582,291872,He played tennis.,He played tennis.
104778,292088,He's very ill.,He is very ill.
105129,292468,He became a pianist.,He became a pianist.
105267,292619,He can also speak French.,He will also speak French.He will also speak French.
106651,294141,He was afraid of his wife.,He's afraid of his wife.
107427,294993,He knows a lot of people.,He knows a lot of people.
107699,295297,He's strong.,He is very strong.
107748,295346,He is a teacher.,He is a teacher.He is a teacher.
107795,295395,He fell backward.,He fell backwards.
108019,295648,He's stronger than you.,He's stronger than you.
108606,296292,He works in a factory.,He works in a factory.
108608,296294,He is happy.,He's glad.
109160,296902,He died yesterday.,He died yesterday.He died yesterday.He died yesterday.He died yesterday.
109766,297564,He lied to me.,He lied to me.
110193,298043,He speaks English better than I do.,His English is better than mine.
110575,298463,He tried to kill himself.,He attempted suicide.
110579,298467,He committed suicide.,He killed himself.
111763,299788,He is eating.,He's eating.
111790,299819,Is he sleeping?,Is he asleep?
111946,299984,He told the truth.,He told the truth.
113611,301814,He's talking on the telephone.,He's on the phone.
114148,302395,He is not stupid.,He's not stupid.He's not stupid.
114157,302406,Is he tall?,Is he tall?
114194,302443,He is a friendly person.,He is a friendly man.
115351,303714,He likes adventure.,He likes to take risks.
115573,303959,He is asleep.,He's asleep.
115912,304339,He's an excellent brain surgeon.,He is an excellent brain surgeon.
116868,305382,They are actors.,They are actors.
116995,305514,They don't always obey their parents.,They don't always obey their parents. | They don't always obey their parents.
117401,305951,They hated Tom.,They hate Tom.
118204,306813,They went to Chicago by car.,They drove to Chicago.
118642,307284,Are they Japanese?,Are they Japanese?
119825,308580,She opened the door.,She opened the door.
121111,309976,She tried.,She tried it.
121341,310214,She is eight.,She is eight years old.
121613,310506,When was she born?,When was she born?When was she born?
122819,311795,She is very intelligent.,She's smart.
122851,311828,She loves Tom.,She loves Tom.
122914,311898,She smiled.,She laughed.
123110,312110,She can speak French.,She speaks French.
123125,312125,Does she speak French?,Will she speak French | Will she speak French?
123168,312168,She is my girlfriend.,She's my girlfriend.
123555,312575,She worked hard.,She works hard.
123811,312850,She went home.,She's home.
124038,313091,She almost drowned.,She almost drowned.
124133,313193,She cried.,She cried.
124299,313373,Does she know you?,Does she know you? Does she know you?
125133,314287,She sat next to me.,She is sitting next to me.
126464,315731,Who is she?,Who is she?
126944,316246,She married him.,She married him.
127156,316478,She wanted to help them.,She wanted to help them in the past.She wanted to help them in the past.
127208,316540,She looks sad.,She looks very sad.
127209,316541,She looked sad.,She looks very sad.
127559,316925,She walks.,She's walking away.
128303,317756,Don't be sad.,Don't worry. Don't worry.
128371,317830,Are you tired?,Are you tired? Are you tired? Are you tired? Are you tired? Are you tired?
130313,319990,I know.,I know.
130613,320329,That's weird.,It's strange.
130674,320395,Study!,Learn it!
131189,320948,I'm breast-feeding my baby.,I fed my child breast milk.
131519,321324,It's not my fault.,It's not my fault.
131613,321441,Tell me the truth.,Tell me the truth.
131614,321442,Leave it to me.,Let me do it.
131654,321497,Do you love me?,Do you love me?
131743,321599,I have three cameras.,I have three cameras.
131805,321673,I'm so happy.,I'm so happy.I'm so happy.
131829,321700,I have to go now.,I gotta go.I gotta go.
131945,321846,I have a dictionary.,I have a dictionary.I have a dictionary.I have a dictionary.
131948,321849,I have two cars.,I have two cars.
131954,321857,I looked around me.,I looked around.
131964,321870,I want to sleep.,I want to go to bed.I want to go to bed.I really want to go to bed.
132036,321954,I have a cold.,I got a cold.
132064,321985,"Me, too.",Me too.
132082,322004,When can we eat?,When can we eat?
132232,322178,Many thanks.,Thank you very much!
132630,322631,Fill it up.,Fill it up.
132811,322841,Is it free?,Is this free?
133456,323576,Wood burns.,Wood is flammable.
133584,323728,My eyes are sore.,My eyes hurt a lot.
133619,323770,Keep your eyes open.,Your eyes are big.
133631,323789,Don't shut your eyes.,Don't close your eyes.
134223,324442,Ghosts exist.,Ghosts exist.
134290,324520,Let's play.,Let's play around.
134514,324760,Don't eat too much.,Don't eat too much.
134619,324880,The leaves fell.,The leaves are falling.
134720,324997,Please come.,Please come.
135109,325429,Stand up!,Get up!
135175,325503,The dragon is an imaginary creature.,Dragons are creatures created by human imagination.
135200,325529,Do you like to travel?,Do you like to travel?
135422,325769,The food is cold.,The food is cold. This food is cold.
135739,326126,History repeats itself.,History repeats itself.
137296,327777,I bought a red tie.,I bought a red belt.
138103,328604,Fuck you!,Go to the dead! Go to the dead! Go to the dead!
139102,329612,Which country are you from?,Which country are you from | Which country are you from
139173,329684,This newspaper is free.,This newspaper is free of charge.
139202,329713,Good morning!,Good morning!
139323,333156,Good evening.,Good evening.Good evening!
139329,335138,I am Chinese.,I'm Chinese.I'm Chinese.
139401,341634,I have many friends.,I have many friends.I have many friends.
139413,347331,Who is he?,Who is he?
139463,348091,Come in.,Please come in.Come in.Come in.Come in.
139472,348596,I'm pregnant.,I'm pregnant.
139476,349064,I don't know.,I don't know.I don't know.I don't know.
139564,354379,I like cats.,I like cats.
139593,355041,"Happy birthday, Muiriel!","Happy birthday, Muriel!"
139615,356200,Who are you?,Who are you Who are you
139643,357919,"I would love to write hundreds of sentences on Tatoeba, but I've got things to do.","I really want to write many, many sentences in Tatoeba, but I have something else to do."
139655,358152,Nobody is perfect.,No one is perfect.No one is perfect.
139668,360558,See you later!,See you soon! See you soon!
139676,361350,Happy New Year!,Happy New Year! Happy New Year! Happy New Year!
139679,361576,Achoo!,sneeze!
139696,362737,I play the violin.,I play the violin.
139767,367935,I am a vegetarian.,I'm a vegetarian.I'm a vegetarian.
139815,370580,My wife is a doctor.,My wife is a doctor.My wife is a doctor.
139824,370607,He raised his hand.,He raised his hand.
139846,370687,I love Arabic.,I like Arabic.
139848,370703,Where are you from?,Where are you?Where are you?Where are you?Where are you from?Where are you from?Where are you from?
139850,370708,Where do you live?,Where do you live? Where do you live? Where do you live? Where do you live?
139910,371410,He is sick.,He's sick.
139919,371429,There's a monster under my bed.,There are monsters under my bed.
139995,372015,What do you want to eat?,What do you want to eat?
140020,372352,What is your blood type?,What is your blood type?
140040,372460,Cats don't like water.,Cats hate water.
140062,373215,Are you serious?,Are you serious? Are you serious? Are you serious
140063,373216,Really?,Are you sure? Are you sure?
140102,373320,How are you?,How are you? How are you? How are you?
140104,373330,Hello!,Hello | Hello!
140144,374827,Thank you!,Thank you.Thank you.Excuse me!
140199,376610,I do not understand.,I don't understand.I don't understand.
140200,376611,I don't understand.,I don't understand.I don't understand.I don't understand.
140288,378270,Do you speak English?,Will you speak English? Will you speak English? Do you speak English?
140299,378502,I have a dog.,I have a dog.
140341,379143,Do you want to go?,Are you going away?
140552,386704,I am a man.,I'm a man.
140559,386729,Do you like music?,Do you like music | Do you like music
140564,386734,He likes oranges.,He likes oranges.
140579,386766,Tomorrow is Christmas.,It's Christmas tomorrow.
140606,387411,It's a little cold today.,It's a little cold today.
140621,387427,Let's begin.,Let's start.
140622,387428,Let's start!,Let's start.
140631,387437,I have a high fever.,I'm very badly burned.
140864,388374,She hated her husband.,She hated her husband.
141043,388834,He likes watching TV.,He likes to watch television.
141078,388869,We are men.,We're men.
141085,388890,What's she doing?,What is she doing?
141096,388978,He can read well.,He can read very well.
141316,391906,He loves traveling.,He loves to travel.
141375,392296,Finally!,Finally!
141425,393357,Please.,Please.
141456,393812,"All animals are equal, but some animals are more equal than others.","All animals are equal, but some animals are more equal than others."
141549,394633,He loves her.,He loves her.
141641,395036,I can't stand him.,I can't stand him.
141651,395051,I know those girls.,I recognize those girls.
141811,395934,Great!,That's great! That's great! That's great!
141972,397714,I am tired.,I'm tired. I'm tired. I'm tired.
142052,398513,I'm just kidding.,I'm kidding.
142132,399205,He's smart.,He's very clever.
142143,399354,Are you alone?,Are you alone?
142218,400184,What do you want to drink?,What do you want to drink?
142220,400191,What would you like to eat?,What do you want to eat?What do you want to eat?What do you want to eat?
142259,400395,Speaking English isn't easy.,It is not easy to speak English. | It is not easy to speak English.
142573,403063,Do you understand?,Do you understand? Do you understand? Do you understand?
142683,404046,I'm at home.,I'm at home I'm at home.
142692,404096,I'm hungry!,I'm hungry! I'm hungry!
142693,404098,Do you understand what I'm saying?,Do you understand what I mean?
142767,405518,"You can do it, can't you?","You can do it, can't you?"
142782,405764,He's eating an apple.,He is eating an apple.He is eating an apple.
142783,405766,She's eating an apple.,She is eating an apple.
142784,405767,They're eating apples.,They are eating apples.
142785,405769,We're eating apples.,We are eating apples.We are eating apples.We are eating apples.
142860,406604,Tom is my friend.,Tom is my friend.
142915,407574,I missed you.,I miss you.I miss you.
143005,408293,What's your name?,What's your name?What's your name?What's your name?
143134,410244,She is beautiful.,She's very beautiful.
143186,410529,She likes oranges.,She likes oranges.She likes oranges.
143204,410597,Wait a moment.,Please wait a minute.
143227,410779,Am I wrong?,Am I wrong?
143228,410780,We need your help.,We need your help.
143316,411238,I can't remember his name.,I don't remember his name.
143324,411285,I'll pay.,I'll pay for it.
143344,411667,You're right.,You are right.You are right.You are right.You are right.You are right.
143440,412026,I was a student at that time.,I was a student then.
143498,413058,Are you married?,Have you grown up?
143529,413611,No problem!,No problem!
143534,413731,"One, two, three, four, five, six, seven, eight, nine, ten.","One, two, three, four, five, six, seven, eight, nine, ten."
143539,413767,Come home.,Let's go home.
143548,413820,"Good evening, how are you?",Good evening. How are you?
143549,413821,What's this?,What is this? What is this? What is this? What is this thing? What is this?
143557,413831,I live near here.,I live around here.
143781,416367,Where are you going?,Where are you going? Where are you going? Where are you going? Where are you going? Where are you going?
143902,417801,My eyes hurt.,My eyes hurt.My eyes hurt.My eyes hurt.
143905,417891,I have a sore throat.,My throat hurts.
143935,418475,You idiot!,Stupid!
144218,424848,I know her.,I know her.
144290,425148,We often play chess.,We often play chess.
144443,426950,Good night!,Good night!
144560,428402,What time is it?,What time is it now What time is it now What time is it now What time is it now What time is it now
144791,430925,She is dead.,She's dead.
144819,431539,I'm bored.,I don't think I'm talking.
144848,432340,I was a teacher.,I've been a teacher.
144962,433423,What did you say?,What did you say?What did you say?
144965,433457,God exists.,God exists.
144967,433468,I understand.,I got it. I got it. I got it.
144968,433472,I got it.,I understand.I understand.
144975,433491,Go away.,Get out! - Get out!
144976,433492,Of course.,Of course. Of course. Of course it is. Of course it is.
144982,433502,Don't move.,Do not move.Do not move.Do not move.
144984,433504,Excuse me.,I'm sorry I'm sorry.
144986,433510,Wonderful!,That's great!
144987,433511,Fantastic!,Great! Great!
144993,433518,Go away!,Go away! | Rolling!
145014,433594,Try it again.,try again try again try again.
145027,433613,I have no money.,I don't have any money.I don't have any money.
145028,433614,I don't have any money.,I don't have any money.I don't have any money.
145061,433669,Do you have a fever?,Are you burned?
145065,433675,I'm serious.,I'm serious.
145067,433680,That's enough.,That's enough.It's enough.
145070,433689,Did you call?,Did you make a phone call?
145093,433730,Of course!,Of course! | Of course!
145099,433745,Don't worry about it.,Don't worry about it.Don't worry about it.Don't worry about it.Don't worry about it.
145100,433754,Follow him.,Follow him.
145112,433809,I'm very hungry.,I am very hungry.I am very hungry.
145121,433849,Speak clearly.,It's clear.
145123,433859,I've had enough.,I'm tired of it. I'm tired of it.
145124,433863,I'm full.,I'm fed up.
145218,434224,Anything else?,Is there anything else?
145227,434242,Are you hungry?,Are you hungry? Are you hungry
145232,434258,Are you thirsty?,Are you thirsty?
145302,434410,Can you help me?,Can you help me? Can you help me? Can you help me?
145324,434458,Come with me.,Go with me.
145430,434680,Enough!,That's enough!
145562,434964,He likes to swim.,He likes swimming.
145620,435084,Help!,Save your life!
145653,435199,Did something happen?,What happened?
145671,435279,Whose turn is it?,Who's the ring?
145685,435409,It's too big.,It's too big.
145711,435575,Calm down.,Calm down.
145735,435647,He can also speak Russian.,He also speaks Russian.
145751,435750,That's a good question.,That's a good problem.
145754,435754,Has something happened?,What happened?
145763,435772,Life is fun.,Life is interesting.
145785,436096,Fuck off!,Roll!
145852,436243,How old are you?,How old are you How old are you How old are you How old are you How old are you How old are you How old are you How old are you How old are you
145866,436275,I am tall.,I'm tall.
145869,436281,I agree.,I agree.I agree.
145935,436423,I am ready.,I'm ready.
145944,436445,I am too short.,I'm too short.
145987,436541,I don't know what to say.,I don't know what to say.I don't know what to say.
146366,438930,Where are my glasses?,Where are my glasses?
146367,438940,We are happy.,We are very happy.
146452,441955,It was a terrible day.,It was a bad day.
146472,442064,Who drew it?,Who painted it?
146478,442109,Prices went up.,Prices are rising.
146484,442130,That's a good idea.,That's a good idea.
146503,442957,Please open the bottle.,Please open the bottle.
146505,442964,That's not fair.,That's unfair.
146552,444986,I live here.,I live here. | I live here.
146610,448320,Stop!,Hold on! Hold on! Stop!
146659,448963,It's snowing.,It's snowing.It's snowing.
146671,449023,No one knows.,Nobody knows.Nobody knows.
146672,449029,Catch him.,Grab him.
146687,449095,Do you drink coffee?,Do you have coffee? Do you have coffee?
146688,449105,I eat here.,I'm eating here.I'm eating here.
146692,449111,Your dog is here.,Your dog's here.
146694,449118,This is your key.,This is your key.
146709,449699,What should I do?,What should I do?What should I do?
146725,450074,Come if you can.,"If you can come, come.If you can come, come."
146778,451212,She has few friends.,She has few friends.
147019,453219,Happy birthday!,Happy birthday!
147057,453394,Love is blind.,Love is blind.Love makes people blind.Love is blind.
147078,453418,I ordered two hamburgers.,There are two hamlets.
147352,454490,I don't know what to do.,I don't know what to do.
147369,454514,"I think, therefore I am.",I think that's why I am.I think that's why I am
147402,455290,What are you interested in?,What are you interested in?
147586,456157,It was love at first sight.,That's what it's all about.
147623,456237,It's raining.,It's raining.It's raining.
147677,456357,May I help you?,Can I help you?
147798,456627,Please speak more slowly.,Please tell me.
147840,456719,She is from France.,She's French.
147894,457629,Hungry?,Are you hungry?
147900,457741,I trust you.,I trust you.
147956,460021,My favorite color is red.,I like red the most.
147971,460058,I lost my key.,I lost my key.
147996,460198,Crazy!,It's crazy!
148175,461908,Where is your dog?,Where is your dog? | Where is your dog?
148228,462430,Shut up!,Shut up!
148248,462476,Stay there.,Stay here and don't move.
148271,462526,That hurts.,It hurts.
148296,462578,"The bill, please.",Buy order.
148342,462670,The customer is always right.,The customer is always right.
148756,464282,Turn around.,Turn around.
148760,464290,Turn right.,Turn right.
148778,464330,Wash your hands.,Wash your hands.
148881,464546,What do you need?,What do you need?
148890,464566,What does this mean?,What does it mean?What does it mean?
149029,466624,What's your phone number?,What's your phone number?What's your phone number?What's your cell phone number?What's your phone number?
149039,466728,Please wait five minutes.,Please wait five minutes.
149057,467339,Iron is a useful metal.,The iron is a useful metal.The iron is a useful metal.
149075,467672,Where is your father?,Where's your father?
149123,469126,She's my sister.,She's my sister.
149256,472091,I study Korean.,I study Korean.
149275,472431,I was wrong.,I got it wrong.I think I got it wrong.
149288,473177,"Hi, how are you?","Hey, how are you?"
149538,477061,No.,"No, it's not."
149541,477086,Yes.,Yes. Yes. Yes. Yes.
149667,478255,He closed the door.,He closed the door.
149694,478568,I have no friends.,I have no friends.
149808,481593,Are they friends?,Are they friends?
149868,482303,Where is my book?,Where is my book? Where is my book?
149949,483350,Guns don't kill people. People kill people.,Guns don't kill. Talent kills.
150041,484648,Drive safely.,Drive safely.
150094,485099,Thanks anyway.,I'll just say thank you.
150159,486448,I must go now.,I have to go now.
150190,487006,Cheers!,Toast! Toast!
150242,487828,Swimming is easy.,Swimming is easy.
150457,493028,Do you know the answer?,Do you know the answer?
150558,495717,I'm a journalist.,I'm a journalist.
150562,495838,Please close the door.,Please close the door. Please close the door.
150727,497969,See you tomorrow.,See you tomorrow. See you tomorrow!
150811,499689,Good afternoon.,Good afternoon.
150828,499998,I'm just looking.,I'm just looking around.
151264,506446,Don't worry.,Don't worry.Don't worry.Don't worry.Don't worry.Don't worry.
151303,506948,Do you smoke?,Do you smoke? Do you smoke? Do you not smoke? Do you smoke?
151505,508844,The dog is dead.,The dog is dead.
151757,513527,Tom was fired.,Tom was fired.
151760,513534,He raised his hands.,He raised his hand.
151849,515472,That's life.,That's what life is all about.
151862,515572,Are you Japanese?,Are you Japanese? Are you Japanese?
151926,516321,Today is Monday.,Today is Monday. | This Week.
151946,516601,He is poor.,He is very poor.
151972,516745,Goodbye!,Goodbye! | Farewell!
152040,518553,You may go.,You can go.You can go.
152216,521667,It's a good question.,It's a good problem.
152365,525267,"Tatoeba means ""for example"" in Japanese.","The Japanese word ""Tatoeba"" means ""for example""."
152581,528455,She woke up.,She is awake.She is awake.She is awake.
152677,529830,Don't tell anyone this.,Don't tell anyone about it.
152752,530595,He ordered a beer.,He had a glass of beer.
152938,533100,Where is the most beautiful place in the world?,Where is the most beautiful place in the world?
153004,533746,How's your mother?,What about your mother?
153176,535419,Do you have a cellphone?,Do you have a phone | Do you have a phone?
153309,538123,Hi.,Hello | Hi.
153344,539017,He likes fishing.,He likes fishing.
153938,551318,Why did you lie?,Why are you lying?
153943,551443,No problem.,It's okay.It's okay.It's okay.It's okay.It's okay!
154720,566026,Time is money.,Time is money.
154778,567368,I'm a student.,I'm a student.I'm a student.
155238,576084,I hate Mondays.,I hate Monday.
155418,580774,I'm a man.,I'm a man.
155444,582309,I need help.,I need help.
156353,607840,Go to hell!,You're in his mother's hell!
156468,611372,We want complete sentences.,We want a complete sentence.
156481,611769,You don't need to call me.,You don't have to call me.
156708,619636,Do you come here often?,Do you come here often
157323,628213,Correct!,Right! | Right!
157327,628230,We agree.,We agree.
157419,630620,This novel is boring.,This novel is very uncomfortable.
157445,631038,Jump.,Jump.
157606,634028,Do you speak Turkish?,Do you speak Turkish?
157795,638544,Where is the train station?,Where is the train station?
158135,647456,Bye!,Goodbye! Goodbye! Goodbye!
158594,661572,Today is Saturday.,It's Saturday today.
159294,672229,He ran.,He ran away.
159301,672252,You run.,You run.
159302,672254,He runs.,He ran.
159304,672264,She runs.,She's running.
163060,693617,Idiot!,You idiot!
163441,699465,I'm 18 years old.,I'm 18 years old.
163557,702472,Colorless green ideas sleep furiously.,The colorless green idea sleeps madly.The colorless green idea sleeps angrily.
163670,703304,We're neighbors.,We are neighbors.
163907,706874,Happy Mother's Day!,Happy Mother's Day!
164129,707526,Count to thirty.,Numbers up to 30.
165980,740214,I am a woman.,I'm a woman.
167003,757414,I'm listening to music.,I'm listening to the music.
168429,785667,"You may write in any language you want. On Tatoeba, all languages are equal.",You can write in any language you want.All languages are equal in Tatoeba.You can write in any language you want.All languages are equal in Tatoeba.
168951,794758,I am not a witch.,I'm not a witch.I'm not a witch.
171915,811376,He lives alone.,He lives alone.He lives alone.
172646,827295,I hate you.,I hate you.I hate you.
173753,847863,I'm always hungry.,I'm always hungry.
174179,854500,Get lost.,Roll.
175014,870628,Please continue.,Please continue.
176212,881861,I don't have a cat.,I don't have a cat. I don't have a cat.
176341,883062,Choose one.,Pick one.
177553,890415,Come!,Come on!
177627,891930,I want to die with Getter Jaani.,I want to die with Johngett.I want to die with Gett Carni.
178536,906328,Run!,Run! Run!
179456,914029,What do you think?,What do you think? What do you think?
180182,925077,It is too expensive.,It's too expensive.
181016,943665,Hooray!,Wow!
181351,953107,Are you on Facebook?,Are you on the face book?
181446,953202,Do you like cooking?,Do you like to cook?
181468,953224,Do you think I'm stupid?,Do you think I'm stupid?
181530,953286,Have you eaten?,Have you eaten? Have you eaten? Have you eaten? Have you eaten
181540,953296,Have you ever dyed your hair?,Have you dyed your hair?
181601,953358,How was your summer?,How was the summer?How was the summer
181609,953366,I ate too much.,I ate too much.I ate too much.
184000,982239,Do you like strawberries?,Do you like strawberries?
184037,983650,This is a horse.,This is a horse.
184118,987485,"Champagne, please.","Give me a champagne, thank you."
184160,990384,Grammar is very complicated.,The grammar is very complicated.
184235,993268,He died recently.,He died recently.
184422,997880,I don't drink coffee.,I'm not drinking coffee.
186312,1024693,Tom isn't here.,Tom is not here. Tom is not here.
187666,1026051,Tom doesn't like cats.,Tom doesn't like cats.
188288,1026675,Tom closed his eyes.,Tom closed his eyes.
188621,1027009,Tom blushed.,Tom's red-faced.
190239,1028631,Tom hugged Mary.,Tom embraced Mary.
193352,1064331,It wasn't my fault.,That's not my fault.
193634,1071653,Eat your soup before it gets cold.,Drink it before the soup is cooled.
193744,1075501,May I put it here?,Can I put it here?
193745,1075502,We should always obey laws.,We always obey the law.
194256,1084522,I can't drink milk.,I can't drink milk.I can't drink milk.
196963,1094582,Tom disappeared.,Tom's gone.
199055,1098659,Read this.,Think about this.
199703,1107280,The cat is black.,The cat is black.
200020,1110791,I'm afraid of heights.,I'm afraid.
200054,1111548,Hop in.,Jump in.
200881,1122514,I'm a woman.,I'm a woman.
201009,1123763,Is she Japanese?,Is she Japanese?
201363,1126684,Help me!,Save your life!
203216,1151779,Today is Thursday.,It's Thursday.It's Thursday today.
203271,1152188,She is stubborn.,She's very stubborn.
204054,1164341,Tom overslept.,Tom's asleep.
206235,1194034,I'm not a doctor.,I'm not a doctor
206742,1205289,Welcome to Tatoeba!,Welcome to Tatoeba | Welcome to Tatoeba!
207737,1222816,Horses are animals.,Horses are animals.
209573,1258802,Why did she do that?,Why would she do this?
209642,1260118,He's in the kitchen.,He's in the kitchen.
210112,1276135,This bird can't fly.,This bird can't fly.
210140,1276904,I have already finished reading this book.,I have finished the book.I have finished the book.
210311,1283955,That's a lie!,That's a lie. deceiver!
210362,1285500,The apple doesn't fall far from the tree.,The apple falls not far from the tree trunk.
210564,1292208,Don't wait.,Don't wait!
210887,1299275,Oh no!,Don't do that.
210992,1300736,Follow that car.,Follow the car.
211002,1300804,I was at home.,I was at home just now.
211013,1300904,"She has about 2,000 books.","She has about 2,000 books."
211377,1308427,Is it far?,Is it far?
212376,1327057,Seriously?,Seriously? Really? Are you sure?
212604,1331062,I like horses.,I like horses.
213429,1342184,Disgusting!,Evil heart!
213650,1343997,Why do you love me?,Why do you like me?
214904,1359933,As you wish.,It's up to you.
215478,1369314,I have just finished eating.,I just finished.
215598,1370839,I want to eat ice cream.,I want to eat ice cream.I want to eat ice cream.
215735,1383444,He's a DJ.,He is a DJ.
215944,1387288,What are you waiting for?,What are you waiting for!
216431,1394814,Hold the ball with both hands.,Hold the ball with your hands.
216537,1396177,I'm afraid of dogs.,I am afraid of dogs.I am afraid of dogs.
216548,1396235,She wants to know who sent the flowers.,She wanted to know who sent the flowers.She wanted to know who sent the flowers.
216560,1396333,It's already eleven.,It's already 11 o'clock.
216601,1396428,You look just like your older brother.,You look like your brother.You look exactly like your brother.
216827,1399479,Burj Khalifa is currently the tallest skyscraper in the world.,The tower is currently the tallest skyscraper in the world.The tower is currently the tallest skyscraper in the world.The tower is currently the tallest skyscraper in the world.
217712,1417464,Are you coming?,Will you come?
218072,1423299,"In Japan, the new school year begins in April.",The new school year in Japan began in April.
218529,1435651,It rained.,It's raining.
219095,1442219,She disappeared.,She disappeared.
219405,1446280,He also speaks French.,He can also speak French.
219409,1446444,Something happened.,There's something wrong.
220201,1458036,Today is Wednesday.,It's Wednesday today.
221956,1486456,Be patient.,Wait patiently.
222335,1488808,Tom was crying.,Tom was crying at the time.
223223,1495917,Eat slowly.,Eat slowly.
225703,1531064,Tom nodded.,Tom nodded.
227491,1553393,Step back.,Back off.
227624,1553532,Call me.,Contact me.
227821,1556167,We know.,We know.
231006,1627336,Welcome back.,Welcome back.
233097,1660856,Tom is taking a shower.,Tom's taking a shower.
236777,1722133,Relax.,Relax.
237610,1730009,Call home!,Call home!
237953,1738962,Stop reading.,Don't think about it again.
242693,1802121,Speak!,Say it! Say it! Say it!
242828,1804273,Look!,Look at that!
243443,1815066,Keep reading.,Keep looking.
245105,1830623,Horses eat grass.,Horses eat grass.
245942,1841177,Hurry home.,Hurry home.
245945,1841180,Release him.,Let him go.
245953,1841188,Wait here.,Wait here.
246160,1841588,See you later.,Goodbye.
247598,1860499,Don't die.,You don't have to die.
248927,1868480,Ignore Tom.,Don't worry about Tom.
249534,1876041,Thank you.,Thank you.Thank you.Thank you.Thank you.
250870,1886145,Did you kill Tom?,Did you kill Tom?
252009,1887384,I have to go.,I should go.
253023,1891110,I'm ready.,I'm ready.
253352,1893706,We understand.,We understand.
255544,1913083,How beautiful!,What a beauty!
255547,1913086,How lovely!,How lovely!
255548,1913087,Keep it.,Hold on.
255550,1913089,Take it.,Take it away.
255553,1913092,How strange!,It's so strange!
255648,1916313,Call us.,Contact us.
255649,1916314,Be nice.,to be friendly to be friendly to be friendly.
255980,1924560,I'm old.,I'm old.
258643,1954263,Ask Tom.,Go ask Tom.
258645,1954265,Be still.,Quiet. Don't move.
260956,1972633,Get Tom.,Find Tom.
260962,1972639,Grab Tom.,Grab Tom.
260972,1972649,Show me.,Let me see.
262588,2005179,Tom lied.,Tom's lying.
262589,2005180,Tom lost.,Tom lost.
262590,2005181,Tom moved.,Tom moved in.
262592,2005183,Tom quit.,Tom didn't do it.
262593,2005184,Tom smiled.,Tom laughed.
262594,2005185,Tom waved.,Tom waved.
262595,2005186,Tom yawned.,Tom's in debt.
262596,2005187,Who died?,Who's dead?
262597,2005188,Tom died.,Tom is dead.
262599,2005190,Who won?,Who won?
262600,2005191,Tom won.,Tom won.
262601,2005192,I won!,I won.
263575,2007928,Let's start.,Let's get started.
272344,2057650,Thanks.,Thank you very much.
273911,2079905,Mars has two moons.,Mars has two satellites.
274083,2083030,Who?,Who?
275599,2107594,Tom's sick.,Tom is sick. Tom is sick.
275672,2107667,We overslept.,We're asleep.
275762,2111159,Tom laughed.,Tom laughed.
275773,2111170,Tom graduated.,Tom graduated.
275796,2111193,Tom clapped.,Tom clapped.
275966,2111364,They refused.,They refused.
275969,2111367,They lied.,They lied.
276076,2111475,Tell Tom.,Tell Tom.
276084,2111483,Take mine.,Take me.
276098,2111497,Stop lying.,You can't talk like that anymore!
276208,2111608,Look closely.,Take a close look
276325,2111725,I'm home.,I'm at home.
276394,2111796,I see.,That's the way it was.
276430,2111832,Get dressed.,You wear all kinds of stuff.
278550,2163151,The book is on the table.,The book is on the table.
281462,2203346,I'm shy.,I'm very shy.
281721,2203607,Who came?,Who's here?
284852,2233709,This is mine.,This is mine.
289331,2244966,Are you sleeping?,Are you asleep
290072,2245875,I have cancer.,I have cancer.
290098,2245901,I have time.,I have time.
290250,2246291,We surrender.,We surrender.
290587,2247573,I will go.,I'm gone.
295187,2258234,Good morning.,Good morning.Good morning.
309577,2346862,This is my computer.,This is my computer.
320300,2412739,I have two cats.,I have two cats.I have two cats.I have two cats
321617,2439040,I don't want to work under these conditions.,I don't want to work under these conditions.
326155,2499505,Where is the hotel?,Where is the hotel?
344918,2635485,I have a red bicycle.,I have a red bicycle.
355479,2654806,Do you have a dictionary?,Do you have a dictionary?
383445,2900859,Cats are smart.,The cat is clever.
470851,3663249,There are islands in the sea.,There are islands in the sea. There are islands in the sea.
490066,3738521,Are they brothers?,Are they brothers?
500071,3825001,I don't want to eat.,I don't want to eat.
501589,3826551,Where are we?,Where are we? - Where are we?
545600,4373509,Probably.,About.
563303,4606511,Where?,Where?Where?
604326,5308161,Turtles don't have teeth.,The turtle has no teeth.
